{"type": "FeatureCollection", "features": [{"type": "Feature", "properties": {"name": "Sikkim", "type": "State", "lon": 88.4482, "lat": 27.5709}, "geometry": {"type": "Polygon", "coordinates": [[[88.89135, 27.316059], [88.760402, 27.218132], [88.738801, 27.175603], [88.7562, 27.148801], [88.66449, 27.173355], [88.518039, 27.176223], [88.447656, 27.114495], [88.357429, 27.085117], [88.233095, 27.137104], [88.118167, 27.138499], [88.000898, 27.248035], [88.024116, 27.40887], [88.067886, 27.567362], [88.147002, 27.749211], [88.15031, 27.843314], [88.109795, 27.870599], [88.098943, 27.90455], [88.108969, 27.933024], [88.425952, 28.011676], [88.577932, 28.09335], [88.621082, 28.091826], [88.803706, 28.006921], [88.848768, 27.868661], [88.749033, 27.521886], [88.764897, 27.429876], [88.89135, 27.316059]]]}}, {"type": "Feature", "properties": {"name": "Telangana", "type": "State", "lon": 78.468441094, "lat": 17.4273126817}, "geometry": {"type": "Polygon", "coordinates": [[[77.446467, 15.95298], [77.483674, 16.002073], [77.490805, 16.261592], [77.53318, 16.361043], [77.293711, 16.406518], [77.257435, 16.449358], [77.370916, 16.524289], [77.431998, 16.593613], [77.410914, 16.720582], [77.433444, 16.934755], [77.465174, 17.042578], [77.37443, 17.222567], [77.599326, 17.486917], [77.582583, 17.578772], [77.492872, 17.57761], [77.411534, 17.630785], [77.463623, 17.713415], [77.525429, 17.746281], [77.500314, 17.812298], [77.61979, 17.92565], [77.62134, 17.986835], [77.562946, 18.070784], [77.599946, 18.114838], [77.551163, 18.307875], [77.502588, 18.381591], [77.592298, 18.548145], [77.679941, 18.569978], [77.703402, 18.669119], [77.781123, 18.703768], [77.839311, 18.80955], [77.912072, 18.835362], [77.751978, 19.045892], [77.833627, 19.121443], [77.855021, 19.228362], [77.92003, 19.331663], [77.992377, 19.322749], [78.063897, 19.264096], [78.16787, 19.264096], [78.174381, 19.374657], [78.240114, 19.460182], [78.302642, 19.482765], [78.333441, 19.643272], [78.383567, 19.684535], [78.321762, 19.863258], [78.383257, 19.866152], [78.477722, 19.799128], [78.533739, 19.824656], [78.711713, 19.774349], [78.780029, 19.776674], [78.847518, 19.724533], [78.87253, 19.650119], [79.024346, 19.541525], [79.058876, 19.547063], [79.197731, 19.461883], [79.266002, 19.589555], [79.420403, 19.536379], [79.538949, 19.533821], [79.735423, 19.603352], [79.795781, 19.594101], [79.864924, 19.50899], [79.93107, 19.482532], [79.965486, 19.401917], [79.930553, 19.211928], [79.943782, 19.169218], [79.861823, 19.081084], [79.93355, 19.053127], [79.960319, 18.867117], [80.001866, 18.785624], [80.090543, 18.69749], [80.270377, 18.71369], [80.319883, 18.642247], [80.409077, 18.588866], [80.502611, 18.59995], [80.583433, 18.541375], [80.696191, 18.412287], [80.772259, 18.232712], [80.852357, 18.196357], [80.93752, 18.086312], [80.978964, 17.963943], [80.985579, 17.840462], [81.044904, 17.776073], [81.14774, 17.83656], [81.245201, 17.803694], [81.578411, 17.79695], [81.758969, 17.908933], [81.775781, 17.833207], [81.628586, 17.763421], [81.535249, 17.637689], [81.469526, 17.420487], [81.408339, 17.370643], [81.214333, 17.323635], [81.144193, 17.249538], [80.99048, 17.21818], [80.893078, 17.155634], [80.829519, 17.046021], [80.669698, 17.079924], [80.590939, 17.139791], [80.501756, 17.10797], [80.38431, 16.975982], [80.474283, 16.936564], [80.586234, 16.933936], [80.506146, 16.792487], [80.350986, 16.862136], [80.280555, 16.997387], [80.220451, 17.033251], [80.077643, 16.972555], [80.002428, 16.871004], [80.073334, 16.822862], [80.042979, 16.738552], [79.9581, 16.630439], [79.882335, 16.703233], [79.751964, 16.723741], [79.720876, 16.689032], [79.504324, 16.641872], [79.406261, 16.587226], [79.265636, 16.569607], [79.213471, 16.493232], [79.233409, 16.330512], [79.214773, 16.244493], [79.160574, 16.219346], [79.021658, 16.247138], [78.839122, 16.124823], [78.839447, 16.066718], [78.73406, 16.0303], [78.499766, 16.093777], [78.399994, 16.083441], [78.255951, 16.005683], [78.235281, 15.950466], [78.087494, 15.832953], [77.88795, 15.919135], [77.849864, 15.893866], [77.641205, 15.900662], [77.446467, 15.95298]]]}}, {"type": "Feature", "properties": {"name": "Ladakh", "type": "Union Territory", "lon": 77.4806135651, "lat": 34.0255867581}, "geometry": {"type": "Polygon", "coordinates": [[[77.799365, 35.495922], [77.894915, 35.448999], [78.009482, 35.490237], [78.04271, 35.479798], [78.047412, 35.449387], [78.009172, 35.306941], [78.01222, 35.251027], [78.075731, 35.13491], [78.281971, 34.653932], [78.32693, 34.606389], [78.670785, 34.518152], [78.936402, 34.35196], [78.970095, 34.302609], [78.970612, 34.228195], [78.931751, 34.188947], [78.753054, 34.087687], [78.731763, 34.055544], [78.726647, 34.013402], [78.78375, 33.808789], [78.801836, 33.499713], [78.948494, 33.346544], [79.066523, 33.250374], [79.112515, 33.226267], [79.355084, 33.16981], [79.376168, 33.146298], [79.334827, 32.975507], [79.499106, 32.73007], [79.469858, 32.643382], [79.384592, 32.570054], [79.291574, 32.506647], [79.169876, 32.497216], [79.127398, 32.47577], [79.06704, 32.388178], [78.918987, 32.35818], [78.771244, 32.46807], [78.736724, 32.558375], [78.700861, 32.597003], [78.412558, 32.557703], [78.39028, 32.527268], [78.270396, 32.504166], [78.304089, 32.59615], [78.374679, 32.648783], [78.366617, 32.76521], [78.253859, 32.697901], [78.114643, 32.667722], [78.008913, 32.61031], [77.93853, 32.695343], [77.928918, 32.762445], [77.857915, 32.873007], [77.721075, 33.012636], [77.538968, 32.918353], [77.348695, 32.867245], [77.135788, 32.92675], [76.956058, 33.02509], [76.739843, 33.197406], [76.646566, 33.352107], [76.488031, 33.502231], [76.246099, 33.574094], [76.235838, 33.728794], [76.166381, 33.873232], [76.024367, 33.982089], [75.879592, 33.963696], [75.741656, 34.066434], [75.6634, 34.19923], [75.584564, 34.210116], [75.469487, 34.280052], [75.374549, 34.370981], [75.347547, 34.572708], [75.605546, 34.502752], [75.709209, 34.503062], [75.862067, 34.560268], [76.041075, 34.669925], [76.172436, 34.667729], [76.45676, 34.756122], [76.594426, 34.735865], [76.696332, 34.786921], [76.782942, 34.900196], [77.000913, 34.991999], [77.04861, 35.109899], [77.799365, 35.495922]]]}}, {"type": "Feature", "properties": {"name": "Chandigarh", "type": "Union Territor", "lon": 76.7605, "lat": 30.7452}, "geometry": {"type": "Polygon", "coordinates": [[[76.814567, 30.789129], [76.82728, 30.680712], [76.775603, 30.677404], [76.703773, 30.781403], [76.814567, 30.789129]]]}}, {"type": "Feature", "properties": {"name": "Delhi", "type": "Union Territor", "lon": 77.0856, "lat": 28.69}, "geometry": {"type": "Polygon", "coordinates": [[[77.327404, 28.519707], [77.269734, 28.510276], [77.193562, 28.432606], [77.100545, 28.475601], [77.070883, 28.528569], [76.872652, 28.519422], [76.836892, 28.587222], [76.947273, 28.696156], [76.936524, 28.81465], [77.067989, 28.882088], [77.200797, 28.876791], [77.227152, 28.783592], [77.306941, 28.720599], [77.337533, 28.626186], [77.327404, 28.519707]]]}}, {"type": "Feature", "properties": {"name": "Himachal Pradesh", "type": "Union Territor", "lon": 77.2875, "lat": 31.6755}, "geometry": {"type": "Polygon", "coordinates": [[[78.39028, 32.527268], [78.441342, 32.397351], [78.455294, 32.300328], [78.495912, 32.21576], [78.725562, 31.98381], [78.735484, 31.957946], [78.687011, 31.805501], [78.693471, 31.740363], [78.802973, 31.61807], [78.755069, 31.550271], [78.726699, 31.471826], [78.758635, 31.436583], [78.743494, 31.323799], [78.757808, 31.302482], [78.791656, 31.293646], [78.869351, 31.314989], [78.993349, 31.163395], [78.869533, 31.121977], [78.792741, 31.20701], [78.581695, 31.231066], [78.500976, 31.219568], [78.368685, 31.290028], [78.284245, 31.290338], [78.039712, 31.17218], [77.941114, 31.172904], [77.806032, 31.050508], [77.789082, 30.930645], [77.705779, 30.791454], [77.812956, 30.521057], [77.585063, 30.382926], [77.303427, 30.460312], [77.147777, 30.538679], [77.150258, 30.663994], [77.115118, 30.722104], [77.001533, 30.777347], [76.905725, 30.899303], [76.768162, 30.907597], [76.645172, 30.999271], [76.561146, 31.276722], [76.433505, 31.317804], [76.373561, 31.419245], [76.275376, 31.310441], [76.158484, 31.338553], [76.07053, 31.564172], [75.923252, 31.806276], [75.964283, 31.848754], [75.879741, 31.97239], [75.706521, 32.049827], [75.601618, 32.068947], [75.639445, 32.146849], [75.622909, 32.258522], [75.692672, 32.272268], [75.911677, 32.431354], [75.847391, 32.516749], [75.922632, 32.617338], [75.9093, 32.772703], [75.804913, 32.898612], [75.826411, 32.938067], [75.972448, 32.911041], [76.100813, 33.01305], [76.215948, 33.051084], [76.294289, 33.147899], [76.396712, 33.197716], [76.558562, 33.23146], [76.625949, 33.189292], [76.739843, 33.197406], [76.956058, 33.02509], [77.135788, 32.92675], [77.348695, 32.867245], [77.538968, 32.918353], [77.721075, 33.012636], [77.857915, 32.873007], [77.928918, 32.762445], [77.93853, 32.695343], [78.008913, 32.61031], [78.114643, 32.667722], [78.253859, 32.697901], [78.366617, 32.76521], [78.374679, 32.648783], [78.304089, 32.59615], [78.270396, 32.504166], [78.39028, 32.527268]]]}}, {"type": "Feature", "properties": {"name": "Haryana", "type": "State", "lon": 76.271, "lat": 29.1003}, "geometry": {"type": "Polygon", "coordinates": [[[77.200797, 28.876791], [77.067989, 28.882088], [76.936524, 28.81465], [76.947273, 28.696156], [76.836892, 28.587222], [76.872652, 28.519422], [77.070883, 28.528569], [77.100545, 28.475601], [77.193562, 28.432606], [77.269734, 28.510276], [77.327404, 28.519707], [77.497006, 28.393254], [77.466517, 28.315223], [77.528942, 28.25347], [77.468068, 28.046815], [77.526462, 27.974468], [77.47985, 27.898039], [77.424453, 27.890753], [77.280689, 27.80944], [77.040807, 27.807295], [76.973007, 27.679293], [76.900867, 27.73438], [76.940555, 27.852099], [76.920918, 28.033535], [76.940555, 28.122987], [76.856632, 28.228975], [76.646826, 28.085521], [76.657988, 28.016972], [76.553085, 27.971239], [76.453453, 28.162829], [76.36798, 28.15637], [76.266694, 28.077485], [76.163341, 28.0579], [76.180084, 27.909563], [76.215018, 27.841505], [75.99994, 27.842745], [75.931521, 27.91809], [75.992809, 28.050691], [75.961906, 28.139497], [76.032496, 28.187815], [76.026192, 28.262229], [75.887079, 28.403848], [75.698563, 28.520559], [75.593557, 28.642671], [75.485966, 28.926839], [75.515009, 28.996473], [75.452067, 29.023862], [75.392949, 29.105976], [75.391502, 29.252685], [75.328353, 29.296222], [75.249702, 29.256406], [75.106558, 29.238216], [74.969616, 29.284337], [74.90719, 29.378465], [74.821408, 29.402934], [74.758569, 29.364254], [74.612841, 29.332809], [74.537084, 29.441382], [74.602093, 29.470424], [74.574808, 29.589693], [74.602713, 29.726351], [74.506285, 29.73679], [74.466494, 29.798931], [74.547006, 29.860813], [74.516517, 29.94719], [74.650669, 29.914066], [74.710717, 29.968378], [74.823371, 29.984992], [74.90347, 29.954839], [74.99566, 29.872983], [75.072762, 29.891147], [75.105214, 29.821384], [75.187897, 29.834743], [75.23823, 29.748779], [75.172084, 29.688214], [75.234612, 29.561788], [75.29528, 29.574862], [75.31161, 29.656175], [75.445762, 29.806191], [75.604409, 29.764669], [75.717684, 29.778028], [75.786, 29.83097], [75.886665, 29.749244], [75.956945, 29.738624], [76.22556, 29.869082], [76.178121, 29.954684], [76.266694, 30.113692], [76.429578, 30.140357], [76.531381, 30.083978], [76.624812, 30.142837], [76.605588, 30.274431], [76.714315, 30.337115], [76.752866, 30.43052], [76.904898, 30.384089], [76.886604, 30.633789], [76.82728, 30.680712], [76.814567, 30.789129], [76.832758, 30.842278], [76.768162, 30.907597], [76.905725, 30.899303], [77.001533, 30.777347], [77.115118, 30.722104], [77.150258, 30.663994], [77.147777, 30.538679], [77.303427, 30.460312], [77.585063, 30.382926], [77.570077, 30.27823], [77.229943, 29.976646], [77.180437, 29.804253], [77.087832, 29.6585], [77.064681, 29.569513], [77.149844, 29.403374], [77.130724, 29.28059], [77.141369, 29.130341], [77.195733, 28.997584], [77.200797, 28.876791]]]}}, {"type": "Feature", "properties": {"name": "Jammu and Kashmir", "type": "Union Territory", "lon": 76.6395, "lat": 33.9658}, "geometry": {"type": "Polygon", "coordinates": [[[75.347547, 34.572708], [75.374549, 34.370981], [75.469487, 34.280052], [75.584564, 34.210116], [75.6634, 34.19923], [75.741656, 34.066434], [75.879592, 33.963696], [76.024367, 33.982089], [76.166381, 33.873232], [76.235838, 33.728794], [76.246099, 33.574094], [76.488031, 33.502231], [76.646566, 33.352107], [76.739843, 33.197406], [76.625949, 33.189292], [76.558562, 33.23146], [76.396712, 33.197716], [76.294289, 33.147899], [76.215948, 33.051084], [76.100813, 33.01305], [75.972448, 32.911041], [75.826411, 32.938067], [75.804913, 32.898612], [75.9093, 32.772703], [75.922632, 32.617338], [75.847391, 32.516749], [75.743005, 32.464375], [75.682647, 32.399806], [75.611954, 32.395465], [75.5024, 32.300587], [75.390365, 32.335494], [75.293437, 32.325995], [75.233682, 32.372133], [74.987341, 32.462205], [74.788903, 32.457812], [74.685757, 32.493805], [74.6578, 32.51892], [74.643382, 32.607726], [74.663226, 32.757665], [74.632375, 32.770894], [74.588243, 32.753247], [74.48334, 32.770997], [74.354563, 32.768698], [74.305522, 32.810427], [74.329965, 32.860837], [74.30361, 32.991811], [74.126256, 33.075423], [74.003783, 33.189447], [73.98983, 33.221177], [74.117781, 33.384112], [74.149976, 33.506999], [74.131269, 33.545085], [74.00399, 33.632444], [73.977583, 33.667816], [73.976498, 33.721275], [74.000992, 33.78817], [74.078404, 33.838658], [74.215605, 33.886562], [74.2509, 33.946094], [74.246507, 33.990174], [73.949884, 34.018802], [73.904099, 34.075672], [73.903892, 34.107996], [73.979443, 34.191298], [73.972364, 34.236619], [73.924563, 34.28783], [73.809945, 34.325321], [73.794493, 34.378238], [73.961202, 34.653466], [74.300406, 34.765398], [74.95189, 34.64587], [75.187535, 34.639023], [75.347547, 34.572708]]]}}, {"type": "Feature", "properties": {"name": "Andhra Pradesh", "type": "State", "lon": 79.208, "lat": 16.4854}, "geometry": {"type": "Polygon", "coordinates": [[[80.231198, 13.467614], [80.097571, 13.463752], [79.961972, 13.416546], [79.956701, 13.365774], [79.816348, 13.294925], [79.784929, 13.224025], [79.696769, 13.235807], [79.667933, 13.291282], [79.571712, 13.284073], [79.54422, 13.323528], [79.449549, 13.33115], [79.420197, 13.219994], [79.31488, 13.131989], [79.250801, 13.147751], [79.161608, 13.044915], [79.077582, 13.035587], [78.944153, 13.093387], [78.736207, 13.06096], [78.64474, 12.991998], [78.582625, 12.778213], [78.419121, 12.63264], [78.352768, 12.641503], [78.229572, 12.759893], [78.285899, 12.843377], [78.415813, 12.948202], [78.516479, 13.089098], [78.568362, 13.274823], [78.38088, 13.322753], [78.350184, 13.376109], [78.374679, 13.579637], [78.184096, 13.601547], [78.068238, 13.698725], [78.096763, 13.809002], [78.032684, 13.884734], [77.92065, 13.830474], [77.878792, 13.916619], [77.734925, 13.824221], [77.593228, 13.767093], [77.499487, 13.704461], [77.44254, 13.701955], [77.384042, 13.846726], [77.292058, 13.848432], [77.152221, 13.903596], [77.102612, 13.849672], [77.133204, 13.784818], [77.032332, 13.746241], [76.958538, 13.781614], [77.010421, 13.904991], [76.935904, 14.010902], [76.942622, 14.06108], [76.872962, 14.137354], [76.973628, 14.156087], [76.995332, 14.066377], [77.112327, 14.005063], [77.289267, 14.010747], [77.332365, 13.908169], [77.387969, 13.962946], [77.327921, 14.052166], [77.368539, 14.163425], [77.467758, 14.192442], [77.46104, 14.290136], [77.384352, 14.261972], [77.278208, 14.295588], [77.256814, 14.333957], [77.111294, 14.329617], [77.045458, 14.231664], [76.908205, 14.257864], [76.86242, 14.347238], [76.931563, 14.457567], [76.829967, 14.478651], [76.752866, 14.565597], [76.761858, 14.763673], [76.799685, 14.794834], [76.822216, 14.920976], [76.719483, 14.989731], [76.764338, 15.094118], [76.947996, 15.021642], [77.080391, 15.036654], [77.12814, 15.132255], [77.104886, 15.308213], [77.025924, 15.351492], [76.999672, 15.613776], [77.084939, 15.667287], [77.025304, 15.781285], [77.034089, 15.873734], [77.143746, 15.960706], [77.226429, 15.976389], [77.446467, 15.95298], [77.641205, 15.900662], [77.849864, 15.893866], [77.88795, 15.919135], [78.087494, 15.832953], [78.235281, 15.950466], [78.255951, 16.005683], [78.399994, 16.083441], [78.499766, 16.093777], [78.73406, 16.0303], [78.839447, 16.066718], [78.839122, 16.124823], [79.021658, 16.247138], [79.160574, 16.219346], [79.214773, 16.244493], [79.233409, 16.330512], [79.213471, 16.493232], [79.265636, 16.569607], [79.406261, 16.587226], [79.504324, 16.641872], [79.720876, 16.689032], [79.751964, 16.723741], [79.882335, 16.703233], [79.9581, 16.630439], [80.042979, 16.738552], [80.073334, 16.822862], [80.002428, 16.871004], [80.077643, 16.972555], [80.220451, 17.033251], [80.280555, 16.997387], [80.350986, 16.862136], [80.506146, 16.792487], [80.586234, 16.933936], [80.474283, 16.936564], [80.38431, 16.975982], [80.501756, 17.10797], [80.590939, 17.139791], [80.669698, 17.079924], [80.829519, 17.046021], [80.893078, 17.155634], [80.99048, 17.21818], [81.144193, 17.249538], [81.214333, 17.323635], [81.408339, 17.370643], [81.469526, 17.420487], [81.535249, 17.637689], [81.628586, 17.763421], [81.775781, 17.833207], [81.758969, 17.908933], [81.92361, 18.000219], [82.042362, 18.043266], [82.131866, 18.038848], [82.240076, 17.992933], [82.32989, 18.044041], [82.352834, 18.1553], [82.309529, 18.194755], [82.360792, 18.291623], [82.368234, 18.413993], [82.449056, 18.5221], [82.502696, 18.510628], [82.511274, 18.422209], [82.597367, 18.325213], [82.586722, 18.244391], [82.781438, 18.357846], [82.779681, 18.416731], [82.878383, 18.409083], [82.904118, 18.35534], [83.0392, 18.390351], [83.036513, 18.469493], [83.083539, 18.525329], [83.028142, 18.640852], [83.126534, 18.758158], [83.201671, 18.741621], [83.394218, 18.869417], [83.326831, 18.929698], [83.341404, 19.004577], [83.423673, 18.964347], [83.490129, 19.051551], [83.572605, 19.069947], [83.612809, 19.129789], [83.706447, 19.001424], [83.801841, 18.999952], [83.854241, 18.860038], [83.902404, 18.805648], [84.071386, 18.81787], [84.153138, 18.787717], [84.317779, 18.80924], [84.462576, 18.946312], [84.525208, 19.032973], [84.64148, 19.10054], [84.6945, 19.160588], [84.769629, 19.120533], [84.749805, 19.050098], [84.69082, 18.964697], [84.609375, 18.884326], [84.462793, 18.689746], [84.181738, 18.400586], [84.104102, 18.292676], [83.654297, 18.069873], [83.572266, 18.003613], [83.387988, 17.78667], [83.19834, 17.608984], [82.976855, 17.461816], [82.593164, 17.273926], [82.35957, 17.096191], [82.286523, 16.978076], [82.281934, 16.936084], [82.35, 16.825195], [82.359766, 16.782812], [82.327148, 16.664355], [82.258789, 16.559863], [82.141504, 16.485352], [81.761914, 16.329492], [81.401855, 16.365234], [81.286133, 16.337061], [81.238574, 16.263965], [81.132129, 15.961768], [81.030078, 15.881445], [80.978711, 15.75835], [80.917773, 15.759668], [80.864746, 15.782227], [80.825977, 15.765918], [80.781836, 15.867334], [80.646582, 15.89502], [80.384863, 15.792773], [80.293457, 15.710742], [80.101074, 15.323633], [80.053418, 15.074023], [80.098633, 14.798242], [80.16543, 14.577832], [80.178711, 14.47832], [80.170117, 14.349414], [80.111719, 14.212207], [80.143652, 14.058936], [80.224414, 13.858203], [80.245801, 13.68584], [80.293348, 13.528674], [80.276775, 13.511416], [80.265625, 13.521289], [80.233398, 13.605762], [80.15625, 13.71377], [80.062109, 13.60625], [80.114258, 13.528711], [80.231198, 13.467614]]]}}, {"type": "Feature", "properties": {"name": "Kerala", "type": "State", "lon": 76.5237, "lat": 10.3666}, "geometry": {"type": "Polygon", "coordinates": [[[74.893953, 12.751445], [75.102114, 12.678865], [75.312024, 12.469498], [75.389331, 12.294728], [75.426228, 12.291782], [75.536609, 12.168947], [75.629213, 12.102052], [75.761092, 12.068747], [75.776181, 12.009784], [75.846048, 11.951105], [75.960563, 11.928626], [76.055751, 11.96374], [76.115489, 11.857494], [76.17657, 11.857029], [76.316613, 11.746854], [76.38927, 11.744012], [76.415936, 11.666833], [76.339248, 11.591489], [76.240752, 11.603969], [76.256255, 11.478447], [76.409114, 11.436822], [76.495414, 11.384758], [76.533758, 11.313134], [76.466268, 11.205234], [76.641245, 11.208644], [76.719173, 11.138726], [76.690441, 10.933364], [76.819838, 10.875951], [76.889705, 10.78004], [76.875546, 10.678496], [76.821079, 10.633176], [76.808573, 10.437115], [76.841543, 10.310663], [76.928049, 10.235551], [76.98634, 10.231288], [77.064578, 10.296297], [77.191495, 10.351306], [77.276968, 10.210101], [77.224258, 10.05781], [77.260225, 9.962209], [77.225912, 9.858882], [77.23542, 9.764676], [77.187671, 9.612773], [77.263222, 9.557376], [77.340634, 9.579958], [77.398615, 9.499963], [77.254541, 9.122105], [77.164934, 9.001001], [77.202554, 8.89416], [77.24927, 8.859098], [77.23542, 8.784141], [77.178886, 8.695232], [77.203794, 8.611981], [77.278829, 8.526405], [77.166071, 8.336933], [77.109654, 8.28424], [76.966895, 8.407275], [76.617285, 8.84707], [76.553418, 8.902783], [76.48291, 9.090771], [76.471777, 9.16084], [76.403125, 9.236816], [76.324609, 9.4521], [76.242383, 9.9271], [76.284668, 9.909863], [76.343066, 9.827344], [76.372266, 9.707373], [76.375586, 9.539893], [76.419531, 9.520459], [76.458789, 9.53623], [76.346484, 9.922119], [76.24873, 10.017969], [76.222754, 10.024268], [76.195605, 10.086133], [76.201465, 10.200635], [76.12334, 10.327002], [75.922559, 10.784082], [75.844629, 11.057568], [75.723828, 11.361768], [75.646094, 11.468408], [75.524512, 11.703125], [75.314648, 11.958447], [75.19668, 12.05752], [74.945508, 12.564551], [74.893953, 12.751445]]]}}, {"type": "Feature", "properties": {"name": "Lakshadweep", "type": "Union Territor", "lon": 72.7811, "lat": 11.2249}, "geometry": {"type": "MultiPolygon", "coordinates": [[[[73.05332, 8.256689], [73.028516, 8.253516], [73.026074, 8.275293], [73.038965, 8.264844], [73.055859, 8.274561], [73.079492, 8.316504], [73.05332, 8.256689]]], [[[72.787891, 11.215918], [72.773047, 11.196094], [72.772461, 11.214258], [72.792676, 11.262744], [72.787891, 11.215918]]]]}}, {"type": "Feature", "properties": {"name": "Odisha", "type": "State", "lon": 84.4341, "lat": 20.625}, "geometry": {"type": "Polygon", "coordinates": [[[87.478635, 21.608108], [87.200684, 21.544873], [87.100684, 21.500781], [86.954102, 21.365332], [86.85957, 21.236719], [86.842285, 21.106348], [86.895801, 20.965576], [86.939355, 20.745068], [86.975488, 20.700146], [86.924512, 20.619775], [86.835938, 20.534326], [86.7625, 20.419141], [86.769238, 20.355908], [86.750391, 20.313232], [86.49873, 20.171631], [86.376563, 20.006738], [86.293652, 20.05376], [86.245215, 20.053027], [86.311914, 19.987793], [86.30293, 19.944678], [86.279492, 19.919434], [85.575, 19.69292], [85.496875, 19.696924], [85.511133, 19.726904], [85.559766, 19.753467], [85.555078, 19.866895], [85.459961, 19.895898], [85.248633, 19.757666], [85.162793, 19.620898], [85.180762, 19.594873], [85.228516, 19.601318], [85.370898, 19.678906], [85.436914, 19.656885], [85.441602, 19.626562], [85.225586, 19.50835], [84.769629, 19.120533], [84.6945, 19.160588], [84.64148, 19.10054], [84.525208, 19.032973], [84.462576, 18.946312], [84.317779, 18.80924], [84.153138, 18.787717], [84.071386, 18.81787], [83.902404, 18.805648], [83.854241, 18.860038], [83.801841, 18.999952], [83.706447, 19.001424], [83.612809, 19.129789], [83.572605, 19.069947], [83.490129, 19.051551], [83.423673, 18.964347], [83.341404, 19.004577], [83.326831, 18.929698], [83.394218, 18.869417], [83.201671, 18.741621], [83.126534, 18.758158], [83.028142, 18.640852], [83.083539, 18.525329], [83.036513, 18.469493], [83.0392, 18.390351], [82.904118, 18.35534], [82.878383, 18.409083], [82.779681, 18.416731], [82.781438, 18.357846], [82.586722, 18.244391], [82.597367, 18.325213], [82.511274, 18.422209], [82.502696, 18.510628], [82.449056, 18.5221], [82.368234, 18.413993], [82.360792, 18.291623], [82.309529, 18.194755], [82.352834, 18.1553], [82.32989, 18.044041], [82.240076, 17.992933], [82.131866, 18.038848], [82.042362, 18.043266], [81.92361, 18.000219], [81.578411, 17.79695], [81.39403, 17.806691], [81.444156, 17.879736], [81.542548, 18.262451], [81.643833, 18.292372], [81.740572, 18.357898], [81.792352, 18.438436], [81.913274, 18.544915], [81.903663, 18.621913], [81.968982, 18.685733], [82.138894, 18.747254], [82.169073, 18.878719], [82.22447, 18.921946], [82.224987, 19.015196], [82.145405, 19.244226], [82.168659, 19.386595], [82.02903, 19.517853], [82.029133, 19.776468], [81.824184, 19.913255], [81.867799, 20.046658], [81.939629, 20.104665], [82.046083, 20.017874], [82.096209, 20.050637], [82.228397, 19.95873], [82.290306, 19.836051], [82.381359, 19.885944], [82.682323, 19.822666], [82.695035, 20.000537], [82.611216, 19.988134], [82.415569, 20.066967], [82.433656, 20.159002], [82.421874, 20.42803], [82.340225, 20.556342], [82.366683, 20.657086], [82.341982, 20.86082], [82.4535, 20.846867], [82.562124, 20.954458], [82.668164, 21.155479], [82.96458, 21.178527], [83.078165, 21.114551], [83.198261, 21.172558], [83.279393, 21.3588], [83.361041, 21.33676], [83.381195, 21.399547], [83.327658, 21.499153], [83.351946, 21.577262], [83.444034, 21.718597], [83.473179, 21.807171], [83.557102, 21.834921], [83.570641, 21.923055], [83.515347, 21.963853], [83.54625, 22.101623], [83.605367, 22.195984], [83.733112, 22.262285], [83.841425, 22.348584], [83.945812, 22.371193], [83.996455, 22.440543], [83.970203, 22.539348], [84.067045, 22.499583], [84.147763, 22.386773], [84.310957, 22.324012], [84.420822, 22.330989], [84.530066, 22.423024], [84.733671, 22.427288], [84.80085, 22.45018], [84.908337, 22.421965], [85.065537, 22.5032], [85.100367, 22.393956], [85.087758, 22.280165], [84.985232, 22.112785], [85.109152, 22.108496], [85.232038, 22.035322], [85.324126, 22.126686], [85.425205, 22.164487], [85.550675, 22.107591], [85.679143, 22.075862], [85.792211, 22.129089], [85.784666, 22.011887], [85.834275, 21.986126], [85.916234, 22.022119], [85.974112, 22.104594], [85.964603, 22.24487], [85.986514, 22.393621], [85.938765, 22.500513], [86.039844, 22.556737], [86.102476, 22.500126], [86.268047, 22.422404], [86.366026, 22.330058], [86.486639, 22.336854], [86.833904, 22.121751], [86.987383, 22.066586], [86.993688, 21.972483], [87.059213, 21.90719], [87.112957, 21.971398], [87.190678, 21.956205], [87.231503, 21.848098], [87.275014, 21.813966], [87.408546, 21.786138], [87.478635, 21.608108]]]}}, {"type": "Feature", "properties": {"name": "Dadra and Nagar Haveli and Daman and Diu", "type": "Union Territory", "lon": 73.029, "lat": 20.1841}, "geometry": {"type": "Polygon", "coordinates": [[[73.166315, 20.114871], [73.16094, 20.047485], [72.997229, 20.039811], [72.896667, 20.221505], [73.049939, 20.330258], [73.112158, 20.254914], [73.046839, 20.221324], [73.041775, 20.157736], [73.166315, 20.114871]]]}}, {"type": "Feature", "properties": {"name": "Karnataka", "type": "State", "lon": 75.667, "lat": 14.3681}, "geometry": {"type": "Polygon", "coordinates": [[[74.893953, 12.751445], [74.770508, 13.077344], [74.682324, 13.506934], [74.670898, 13.667627], [74.608496, 13.849658], [74.498535, 14.046338], [74.466992, 14.216504], [74.397168, 14.407422], [74.382227, 14.494727], [74.097044, 14.890286], [74.241185, 14.956038], [74.259685, 15.097683], [74.292758, 15.188272], [74.241185, 15.23783], [74.30423, 15.28917], [74.236534, 15.472467], [74.257824, 15.518588], [74.226818, 15.629847], [74.100625, 15.640286], [74.186097, 15.76573], [74.223511, 15.726095], [74.331102, 15.761932], [74.354459, 15.872572], [74.42877, 15.993753], [74.415954, 16.096356], [74.469594, 16.109792], [74.451921, 16.253944], [74.366241, 16.292882], [74.292448, 16.528371], [74.353219, 16.543512], [74.43001, 16.644333], [74.524578, 16.623843], [74.557444, 16.551652], [74.665758, 16.606222], [74.684878, 16.708438], [74.866676, 16.776211], [74.844559, 16.852021], [74.92228, 16.889331], [74.960004, 16.951136], [75.043409, 16.952816], [75.166503, 16.867937], [75.24257, 16.902095], [75.256006, 16.959172], [75.370831, 16.984467], [75.45341, 16.964055], [75.553766, 17.014905], [75.616708, 16.974675], [75.646783, 17.091412], [75.605132, 17.158126], [75.622082, 17.220939], [75.552836, 17.365917], [75.61309, 17.471595], [75.783933, 17.374805], [75.870026, 17.416147], [75.936482, 17.325868], [76.094715, 17.377751], [76.210367, 17.388913], [76.343795, 17.351861], [76.322194, 17.61771], [76.390614, 17.636779], [76.512984, 17.772817], [76.592669, 17.770595], [76.675971, 17.706852], [76.755656, 17.825837], [76.740877, 17.898417], [76.839062, 17.884232], [76.885054, 17.974459], [76.892909, 18.144293], [76.949546, 18.179976], [77.087729, 18.197055], [77.117908, 18.253847], [77.23108, 18.333791], [77.232733, 18.410659], [77.301876, 18.460269], [77.346628, 18.351516], [77.461453, 18.281933], [77.551163, 18.307875], [77.599946, 18.114838], [77.562946, 18.070784], [77.62134, 17.986835], [77.61979, 17.92565], [77.500314, 17.812298], [77.525429, 17.746281], [77.463623, 17.713415], [77.411534, 17.630785], [77.492872, 17.57761], [77.582583, 17.578772], [77.599326, 17.486917], [77.37443, 17.222567], [77.465174, 17.042578], [77.433444, 16.934755], [77.410914, 16.720582], [77.431998, 16.593613], [77.370916, 16.524289], [77.257435, 16.449358], [77.293711, 16.406518], [77.53318, 16.361043], [77.490805, 16.261592], [77.483674, 16.002073], [77.446467, 15.95298], [77.226429, 15.976389], [77.143746, 15.960706], [77.034089, 15.873734], [77.025304, 15.781285], [77.084939, 15.667287], [76.999672, 15.613776], [77.025924, 15.351492], [77.104886, 15.308213], [77.12814, 15.132255], [77.080391, 15.036654], [76.947996, 15.021642], [76.764338, 15.094118], [76.719483, 14.989731], [76.822216, 14.920976], [76.799685, 14.794834], [76.761858, 14.763673], [76.752866, 14.565597], [76.829967, 14.478651], [76.931563, 14.457567], [76.86242, 14.347238], [76.908205, 14.257864], [77.045458, 14.231664], [77.111294, 14.329617], [77.256814, 14.333957], [77.278208, 14.295588], [77.384352, 14.261972], [77.46104, 14.290136], [77.467758, 14.192442], [77.368539, 14.163425], [77.327921, 14.052166], [77.387969, 13.962946], [77.332365, 13.908169], [77.289267, 14.010747], [77.112327, 14.005063], [76.995332, 14.066377], [76.973628, 14.156087], [76.872962, 14.137354], [76.942622, 14.06108], [76.935904, 14.010902], [77.010421, 13.904991], [76.958538, 13.781614], [77.032332, 13.746241], [77.133204, 13.784818], [77.102612, 13.849672], [77.152221, 13.903596], [77.292058, 13.848432], [77.384042, 13.846726], [77.44254, 13.701955], [77.499487, 13.704461], [77.593228, 13.767093], [77.734925, 13.824221], [77.878792, 13.916619], [77.92065, 13.830474], [78.032684, 13.884734], [78.096763, 13.809002], [78.068238, 13.698725], [78.184096, 13.601547], [78.374679, 13.579637], [78.350184, 13.376109], [78.38088, 13.322753], [78.568362, 13.274823], [78.516479, 13.089098], [78.415813, 12.948202], [78.285899, 12.843377], [78.229572, 12.759893], [78.056249, 12.845935], [78.002092, 12.807151], [77.895018, 12.87278], [77.801277, 12.856554], [77.765311, 12.718733], [77.609351, 12.672793], [77.568733, 12.55957], [77.618859, 12.46663], [77.560775, 12.339661], [77.471892, 12.274238], [77.492149, 12.205457], [77.667849, 12.203881], [77.768721, 12.120036], [77.670846, 11.971311], [77.489772, 11.92612], [77.433858, 11.811527], [77.353863, 11.7837], [77.259192, 11.816902], [77.121939, 11.792536], [77.082561, 11.756776], [76.997399, 11.825919], [76.907688, 11.800184], [76.820769, 11.625596], [76.750799, 11.642339], [76.605381, 11.631177], [76.532207, 11.709079], [76.465338, 11.71497], [76.415936, 11.666833], [76.38927, 11.744012], [76.316613, 11.746854], [76.17657, 11.857029], [76.115489, 11.857494], [76.055751, 11.96374], [75.960563, 11.928626], [75.846048, 11.951105], [75.776181, 12.009784], [75.761092, 12.068747], [75.629213, 12.102052], [75.536609, 12.168947], [75.426228, 12.291782], [75.389331, 12.294728], [75.312024, 12.469498], [75.102114, 12.678865], [74.893953, 12.751445]]]}}, {"type": "Feature", "properties": {"name": "Goa", "type": "State", "lon": 73.9951, "lat": 15.3133}, "geometry": {"type": "Polygon", "coordinates": [[[73.678865, 15.711175], [73.807623, 15.774857], [73.908388, 15.721237], [73.942035, 15.634443], [73.991683, 15.611105], [74.103545, 15.644573], [74.226818, 15.629847], [74.257824, 15.518588], [74.236534, 15.472467], [74.30423, 15.28917], [74.241185, 15.23783], [74.292758, 15.188272], [74.259685, 15.097683], [74.241185, 14.956038], [74.097044, 14.890286], [74.040625, 14.949365], [73.949219, 15.074756], [73.884277, 15.306445], [73.800781, 15.396973], [73.931934, 15.396973], [73.771777, 15.573047], [73.832813, 15.659375], [73.732813, 15.656934], [73.678865, 15.711175]]]}}, {"type": "Feature", "properties": {"name": "Andaman and Nicobar", "type": "Union Territor", "lon": 93.7895, "lat": 6.83654}, "geometry": {"type": "MultiPolygon", "coordinates": [[[[93.016016, 13.336182], [93.073828, 13.2521], [93.066113, 13.221582], [93.004687, 13.089355], [92.951367, 13.0625], [92.88623, 12.942285], [92.965039, 12.850488], [92.990234, 12.538525], [92.932617, 12.453076], [92.863672, 12.436035], [92.879492, 12.22793], [92.78623, 12.034668], [92.747656, 11.992773], [92.763965, 11.94043], [92.796777, 11.917529], [92.797559, 11.874658], [92.766992, 11.764648], [92.764648, 11.63916], [92.700781, 11.512549], [92.668359, 11.538721], [92.575586, 11.718213], [92.559668, 11.833447], [92.533887, 11.873389], [92.566504, 11.930518], [92.60752, 11.949512], [92.631836, 12.013867], [92.640625, 12.112207], [92.676465, 12.192383], [92.694727, 12.214697], [92.788281, 12.225781], [92.777637, 12.302539], [92.718945, 12.357324], [92.720703, 12.54126], [92.732031, 12.615625], [92.75918, 12.669092], [92.740039, 12.779639], [92.753125, 12.820898], [92.807031, 12.878906], [92.830859, 13.002637], [92.808984, 13.0396], [92.860156, 13.230566], [92.857324, 13.358105], [92.924609, 13.48584], [93.029395, 13.543848], [93.062305, 13.545459], [93.07666, 13.400684], [93.016016, 13.336182]]], [[[93.017383, 12.036816], [93.062109, 11.899414], [92.981738, 11.959473], [92.955371, 12.002441], [93.017383, 12.036816]]], [[[92.679688, 12.939258], [92.710645, 12.961572], [92.730859, 12.948535], [92.717578, 12.864893], [92.685742, 12.799951], [92.679688, 12.939258]]], [[[92.510352, 10.897461], [92.554004, 10.799805], [92.574316, 10.704248], [92.472656, 10.520752], [92.369531, 10.547412], [92.377148, 10.650586], [92.352832, 10.751123], [92.370703, 10.793506], [92.447852, 10.865527], [92.510352, 10.897461]]], [[[92.690039, 11.463428], [92.693164, 11.381152], [92.644531, 11.361328], [92.595703, 11.386426], [92.633887, 11.426758], [92.640234, 11.509131], [92.690039, 11.463428]]], [[[93.375488, 8.01792], [93.433691, 7.948389], [93.442578, 7.877832], [93.365039, 7.876562], [93.309375, 7.964014], [93.334473, 8.006934], [93.375488, 8.01792]]], [[[92.713281, 9.204883], [92.762109, 9.243896], [92.785742, 9.240527], [92.809277, 9.173389], [92.7875, 9.13667], [92.743555, 9.130957], [92.716602, 9.165088], [92.713281, 9.204883]]], [[[93.654688, 7.379932], [93.69248, 7.410596], [93.733594, 7.356494], [93.638477, 7.261865], [93.597266, 7.31875], [93.614258, 7.358105], [93.654688, 7.379932]]], [[[93.096973, 8.349365], [93.170605, 8.212061], [93.115234, 8.218506], [93.064258, 8.274951], [93.096973, 8.349365]]], [[[93.858984, 7.206836], [93.92959, 6.973486], [93.890039, 6.831055], [93.828809, 6.748682], [93.709277, 7.000684], [93.658008, 7.016064], [93.656348, 7.13623], [93.68418, 7.183594], [93.822461, 7.236621], [93.858984, 7.206836]]]]}}, {"type": "Feature", "properties": {"name": "Assam", "type": "State", "lon": 92.9929, "lat": 26.3302}, "geometry": {"type": "Polygon", "coordinates": [[[89.860038, 26.713565], [90.122954, 26.754595], [90.206102, 26.847509], [90.345886, 26.890323], [90.559878, 26.796556], [90.739661, 26.7717], [91.1339, 26.803403], [91.286552, 26.789915], [91.426802, 26.867094], [91.455844, 26.866888], [91.517546, 26.807305], [91.671593, 26.802008], [91.842074, 26.852987], [91.998344, 26.854976], [92.04971, 26.874846], [92.072848, 26.920914], [92.21032, 26.912337], [92.626212, 27.018067], [92.698766, 27.065919], [92.814831, 27.050804], [93.020297, 26.953006], [93.375004, 26.988792], [93.460683, 26.947244], [93.694674, 27.005949], [93.826552, 27.095995], [93.84659, 27.198892], [93.982512, 27.327712], [94.243064, 27.525969], [94.243064, 27.647977], [94.352929, 27.593122], [94.474575, 27.593872], [95.31318, 27.895791], [95.408368, 27.870831], [95.543554, 27.90207], [95.716773, 27.990204], [95.964096, 27.993305], [95.900741, 27.86538], [95.775891, 27.717327], [95.804313, 27.619374], [95.886788, 27.557], [95.879554, 27.462613], [95.978256, 27.449694], [96.007194, 27.365126], [95.903738, 27.276087], [95.799559, 27.28588], [95.643806, 27.230328], [95.545931, 27.273943], [95.493427, 27.250042], [95.423768, 27.141289], [95.261193, 27.048866], [95.176444, 27.033182], [95.031233, 26.933498], [94.917132, 26.951172], [94.798896, 26.814384], [94.690479, 26.741004], [94.486564, 26.676667], [94.358199, 26.498383], [94.207201, 26.483707], [94.177435, 26.372447], [94.00773, 26.184397], [93.973417, 26.040375], [93.98923, 25.94622], [93.90417, 25.85682], [93.752138, 25.959088], [93.708937, 25.870101], [93.580779, 25.763079], [93.524349, 25.689285], [93.335936, 25.538028], [93.458513, 25.380725], [93.449211, 25.302125], [93.394331, 25.235049], [93.189175, 24.810811], [93.12396, 24.809804], [93.087063, 24.706994], [93.045721, 24.444529], [93.018436, 24.399131], [92.82868, 24.377324], [92.746308, 24.471091], [92.701246, 24.361924], [92.630863, 24.295132], [92.624455, 24.238521], [92.489476, 24.132507], [92.416199, 24.239451], [92.29848, 24.23772], [92.220242, 24.264333], [92.257759, 24.396005], [92.221689, 24.500417], [92.139065, 24.545276], [92.22665, 24.771021], [92.228304, 24.881324], [92.251248, 24.89507], [92.384987, 24.848768], [92.443174, 24.849388], [92.475059, 24.868508], [92.485446, 24.903312], [92.468341, 24.944137], [92.38605, 25.005686], [92.564924, 25.152419], [92.805529, 25.227711], [92.789613, 25.348892], [92.588282, 25.498831], [92.593449, 25.586656], [92.382403, 25.764345], [92.167325, 25.689543], [92.165465, 25.809174], [92.214661, 25.919478], [92.183965, 25.993013], [92.26148, 26.055413], [92.164122, 26.088382], [91.922483, 26.03823], [91.825331, 26.089261], [91.75195, 26.048074], [91.718154, 25.967692], [91.582348, 26.026887], [91.474655, 25.896249], [91.360553, 25.843255], [91.250999, 25.737602], [91.208108, 25.736181], [91.178859, 25.869636], [91.096797, 25.839922], [90.97453, 25.943636], [90.752942, 25.962137], [90.644318, 25.931467], [90.617653, 25.969785], [90.484534, 26.011927], [90.135615, 25.959785], [89.974178, 25.801578], [89.942345, 25.691481], [90.002083, 25.586811], [89.897283, 25.541361], [89.875476, 25.460436], [89.80642, 25.441048], [89.824884, 25.560146], [89.799615, 25.839586], [89.822921, 25.941414], [89.687784, 26.195384], [89.727268, 26.206204], [89.781528, 26.308679], [89.828864, 26.327851], [89.888498, 26.532903], [89.860038, 26.713565]]]}}, {"type": "Feature", "properties": {"name": "Manipur", "type": "State", "lon": 93.8457, "lat": 24.7442}, "geometry": {"type": "Polygon", "coordinates": [[[94.654788, 25.444758], [94.579943, 25.31985], [94.55302, 25.215722], [94.566507, 25.191512], [94.675286, 25.138569], [94.70376, 25.097848], [94.707584, 25.048756], [94.584077, 24.767248], [94.399437, 24.51406], [94.293036, 24.321875], [94.127671, 23.876476], [94.074754, 23.872083], [93.683357, 24.006519], [93.493808, 23.972852], [93.452157, 23.987399], [93.355573, 24.074112], [93.326273, 24.06419], [93.312122, 24.032525], [93.248603, 24.056982], [93.105666, 24.044941], [92.995492, 24.095274], [93.018436, 24.399131], [93.045721, 24.444529], [93.087063, 24.706994], [93.12396, 24.809804], [93.189175, 24.810811], [93.394331, 25.235049], [93.449211, 25.302125], [93.605481, 25.2058], [93.679068, 25.328273], [93.808569, 25.446096], [93.803195, 25.543557], [94.026747, 25.553841], [94.209371, 25.495498], [94.325333, 25.512035], [94.564699, 25.684221], [94.552813, 25.490331], [94.654788, 25.444758]]]}}, {"type": "Feature", "properties": {"name": "Nagaland", "type": "State", "lon": 94.5664, "lat": 26.1094}, "geometry": {"type": "Polygon", "coordinates": [[[95.246448, 26.654794], [95.128695, 26.597292], [95.05981, 26.473992], [95.05087, 26.347281], [95.068957, 26.191141], [95.132467, 26.041253], [95.015214, 25.912941], [94.991959, 25.770469], [94.945761, 25.70024], [94.785874, 25.519321], [94.654788, 25.444758], [94.552813, 25.490331], [94.564699, 25.684221], [94.325333, 25.512035], [94.209371, 25.495498], [94.026747, 25.553841], [93.803195, 25.543557], [93.808569, 25.446096], [93.679068, 25.328273], [93.605481, 25.2058], [93.449211, 25.302125], [93.458513, 25.380725], [93.335936, 25.538028], [93.524349, 25.689285], [93.580779, 25.763079], [93.708937, 25.870101], [93.752138, 25.959088], [93.90417, 25.85682], [93.98923, 25.94622], [93.973417, 26.040375], [94.00773, 26.184397], [94.177435, 26.372447], [94.207201, 26.483707], [94.358199, 26.498383], [94.486564, 26.676667], [94.690479, 26.741004], [94.798896, 26.814384], [94.917132, 26.951172], [95.031233, 26.933498], [95.176444, 27.033182], [95.225433, 26.974219], [95.202179, 26.866732], [95.235252, 26.790613], [95.246448, 26.654794]]]}}, {"type": "Feature", "properties": {"name": "Meghalaya", "type": "State", "lon": 91.3031, "lat": 25.4804}, "geometry": {"type": "Polygon", "coordinates": [[[92.38605, 25.005686], [92.204636, 25.110948], [92.04971, 25.169472], [91.479719, 25.142135], [91.293115, 25.177973], [90.439369, 25.157715], [90.25044, 25.184975], [89.833308, 25.292798], [89.800907, 25.336154], [89.80642, 25.441048], [89.875476, 25.460436], [89.897283, 25.541361], [90.002083, 25.586811], [89.942345, 25.691481], [89.974178, 25.801578], [90.135615, 25.959785], [90.484534, 26.011927], [90.617653, 25.969785], [90.644318, 25.931467], [90.752942, 25.962137], [90.97453, 25.943636], [91.096797, 25.839922], [91.178859, 25.869636], [91.208108, 25.736181], [91.250999, 25.737602], [91.360553, 25.843255], [91.474655, 25.896249], [91.582348, 26.026887], [91.718154, 25.967692], [91.75195, 26.048074], [91.825331, 26.089261], [91.922483, 26.03823], [92.164122, 26.088382], [92.26148, 26.055413], [92.183965, 25.993013], [92.214661, 25.919478], [92.165465, 25.809174], [92.167325, 25.689543], [92.382403, 25.764345], [92.593449, 25.586656], [92.588282, 25.498831], [92.789613, 25.348892], [92.805529, 25.227711], [92.564924, 25.152419], [92.38605, 25.005686]]]}}, {"type": "Feature", "properties": {"name": "Punjab", "type": "State", "lon": 75.3762, "lat": 31.0245}, "geometry": {"type": "Polygon", "coordinates": [[[75.293437, 32.325995], [75.390365, 32.335494], [75.5024, 32.300587], [75.611954, 32.395465], [75.682647, 32.399806], [75.743005, 32.464375], [75.847391, 32.516749], [75.911677, 32.431354], [75.692672, 32.272268], [75.622909, 32.258522], [75.639445, 32.146849], [75.601618, 32.068947], [75.706521, 32.049827], [75.879741, 31.97239], [75.964283, 31.848754], [75.923252, 31.806276], [76.07053, 31.564172], [76.158484, 31.338553], [76.275376, 31.310441], [76.373561, 31.419245], [76.433505, 31.317804], [76.561146, 31.276722], [76.645172, 30.999271], [76.832758, 30.842278], [76.814567, 30.789129], [76.703773, 30.781403], [76.775603, 30.677404], [76.82728, 30.680712], [76.886604, 30.633789], [76.904898, 30.384089], [76.752866, 30.43052], [76.714315, 30.337115], [76.605588, 30.274431], [76.624812, 30.142837], [76.531381, 30.083978], [76.429578, 30.140357], [76.266694, 30.113692], [76.178121, 29.954684], [76.22556, 29.869082], [75.956945, 29.738624], [75.886665, 29.749244], [75.786, 29.83097], [75.717684, 29.778028], [75.604409, 29.764669], [75.445762, 29.806191], [75.31161, 29.656175], [75.29528, 29.574862], [75.234612, 29.561788], [75.172084, 29.688214], [75.23823, 29.748779], [75.187897, 29.834743], [75.105214, 29.821384], [75.072762, 29.891147], [74.99566, 29.872983], [74.90347, 29.954839], [74.823371, 29.984992], [74.710717, 29.968378], [74.650669, 29.914066], [74.516517, 29.94719], [73.915933, 29.979902], [73.898466, 30.034911], [73.969677, 30.137437], [73.924615, 30.281614], [73.882705, 30.352153], [73.899293, 30.435378], [74.009002, 30.519688], [74.215605, 30.768975], [74.33937, 30.893567], [74.380401, 30.893412], [74.63284, 31.034643], [74.610309, 31.11283], [74.539771, 31.132674], [74.517705, 31.18559], [74.593928, 31.465367], [74.510005, 31.712948], [74.555532, 31.818575], [74.635786, 31.889733], [74.739449, 31.948851], [75.071521, 32.089334], [75.254146, 32.140312], [75.324684, 32.215269], [75.333521, 32.279219], [75.293437, 32.325995]]]}}, {"type": "Feature", "properties": {"name": "Rajasthan", "type": "State", "lon": 73.8556, "lat": 26.7468}, "geometry": {"type": "Polygon", "coordinates": [[[71.047891, 24.687744], [70.877772, 25.062992], [70.800464, 25.205852], [70.702486, 25.331064], [70.65205, 25.422893], [70.648484, 25.666935], [70.569574, 25.705976], [70.448548, 25.681327], [70.325196, 25.685719], [70.264631, 25.706545], [70.100249, 25.910047], [70.078648, 25.990042], [70.077718, 26.071949], [70.132598, 26.214783], [70.156886, 26.471434], [70.147688, 26.506444], [70.114615, 26.548044], [70.059321, 26.57874], [69.911423, 26.586129], [69.735878, 26.627031], [69.506952, 26.742657], [69.481268, 26.770976], [69.470003, 26.804462], [69.537027, 27.122944], [69.62157, 27.22808], [69.896282, 27.473621], [70.144587, 27.849024], [70.244323, 27.934135], [70.403693, 28.02506], [70.488597, 28.023148], [70.629054, 27.937442], [70.649104, 27.83533], [70.691582, 27.769003], [70.737367, 27.729031], [70.797932, 27.709627], [70.87493, 27.714433], [71.18473, 27.831635], [71.29015, 27.855251], [71.543003, 27.869875], [71.87027, 27.962505], [71.888873, 28.047487], [71.947991, 28.177298], [72.128549, 28.346358], [72.179192, 28.42178], [72.291949, 28.697293], [72.341921, 28.751915], [72.903282, 29.028771], [73.128333, 29.363919], [73.231117, 29.550626], [73.381599, 29.934349], [73.80917, 30.093357], [73.9334, 30.222083], [73.969677, 30.137437], [73.898466, 30.034911], [73.915933, 29.979902], [74.516517, 29.94719], [74.547006, 29.860813], [74.466494, 29.798931], [74.506285, 29.73679], [74.602713, 29.726351], [74.574808, 29.589693], [74.602093, 29.470424], [74.537084, 29.441382], [74.612841, 29.332809], [74.758569, 29.364254], [74.821408, 29.402934], [74.90719, 29.378465], [74.969616, 29.284337], [75.106558, 29.238216], [75.249702, 29.256406], [75.328353, 29.296222], [75.391502, 29.252685], [75.392949, 29.105976], [75.452067, 29.023862], [75.515009, 28.996473], [75.485966, 28.926839], [75.593557, 28.642671], [75.698563, 28.520559], [75.887079, 28.403848], [76.026192, 28.262229], [76.032496, 28.187815], [75.961906, 28.139497], [75.992809, 28.050691], [75.931521, 27.91809], [75.99994, 27.842745], [76.215018, 27.841505], [76.180084, 27.909563], [76.163341, 28.0579], [76.266694, 28.077485], [76.36798, 28.15637], [76.453453, 28.162829], [76.553085, 27.971239], [76.657988, 28.016972], [76.646826, 28.085521], [76.856632, 28.228975], [76.940555, 28.122987], [76.920918, 28.033535], [76.940555, 27.852099], [76.900867, 27.73438], [76.973007, 27.679293], [77.040807, 27.807295], [77.280689, 27.80944], [77.345595, 27.541885], [77.459799, 27.385073], [77.606147, 27.32363], [77.657307, 27.202707], [77.591368, 27.130747], [77.51344, 27.109224], [77.628471, 26.97316], [77.460833, 26.904224], [77.510546, 26.833324], [77.704642, 26.929752], [77.976564, 26.904379], [78.106892, 26.947296], [78.22306, 26.937064], [78.200116, 26.823583], [78.101207, 26.795109], [78.0794, 26.682919], [78.012841, 26.69558], [77.90277, 26.664032], [77.831456, 26.575768], [77.715081, 26.506031], [77.616792, 26.482983], [77.431274, 26.373662], [77.323374, 26.351984], [77.209686, 26.241964], [77.124729, 26.237856], [77.082458, 26.185275], [76.907998, 26.098588], [76.727028, 25.9163], [76.651787, 25.922656], [76.545953, 25.848293], [76.478361, 25.7198], [76.551431, 25.460126], [76.652304, 25.379175], [76.780151, 25.33202], [76.913476, 25.309308], [77.080598, 25.353181], [77.201624, 25.35561], [77.255471, 25.433512], [77.358617, 25.407106], [77.362958, 25.262128], [77.398925, 25.212234], [77.341254, 25.113997], [77.187361, 25.12751], [76.999362, 25.08772], [76.860973, 25.033795], [76.883194, 24.896956], [76.780564, 24.837141], [76.848054, 24.759703], [76.966806, 24.737483], [77.037396, 24.670303], [77.035226, 24.538399], [76.942932, 24.500236], [76.880507, 24.56186], [76.806196, 24.555788], [76.814567, 24.360115], [76.891565, 24.240924], [76.870275, 24.181651], [76.766612, 24.160334], [76.572515, 24.273247], [76.542749, 24.215189], [76.45614, 24.265031], [76.230314, 24.277872], [76.132749, 24.329394], [76.116626, 24.134031], [75.99901, 24.051116], [75.997873, 23.983937], [75.899378, 23.918334], [75.776491, 23.883142], [75.699804, 23.793199], [75.597071, 23.8179], [75.578157, 23.875726], [75.490307, 23.939934], [75.538883, 24.041375], [75.621772, 23.995228], [75.729983, 24.00068], [75.805017, 24.119122], [75.747759, 24.190048], [75.794785, 24.251647], [75.734427, 24.423962], [75.792201, 24.494164], [75.874883, 24.514266], [75.869406, 24.599377], [75.758818, 24.777377], [75.648954, 24.738335], [75.448036, 24.703144], [75.20371, 24.724951], [75.17198, 24.762546], [75.317915, 24.955247], [75.235129, 25.040229], [75.133326, 25.040022], [75.084441, 24.888895], [74.981398, 24.863031], [74.875874, 24.919358], [74.81531, 24.916516], [74.837841, 24.797143], [74.974266, 24.785748], [74.965378, 24.694049], [74.869673, 24.665575], [74.806525, 24.735777], [74.711853, 24.523852], [74.846832, 24.435511], [74.766424, 24.35872], [74.759292, 24.256685], [74.869983, 24.236118], [74.893134, 24.134496], [74.968169, 24.032771], [74.908327, 23.896733], [74.90657, 23.791313], [74.939023, 23.687366], [74.822958, 23.500116], [74.648188, 23.43056], [74.569537, 23.36785], [74.53636, 23.250907], [74.65842, 23.226464], [74.715884, 23.179206], [74.611911, 23.112672], [74.476106, 23.062365], [74.323453, 23.036062], [74.23333, 23.1559], [74.108996, 23.191117], [74.105792, 23.247677], [73.959548, 23.358833], [73.904461, 23.333382], [73.811857, 23.434616], [73.710674, 23.415031], [73.618794, 23.451876], [73.620551, 23.582592], [73.51079, 23.684498], [73.361652, 23.784233], [73.364029, 23.889085], [73.42387, 23.940942], [73.354107, 24.104731], [73.245586, 24.015537], [73.079292, 24.204311], [73.137169, 24.335931], [73.095001, 24.503647], [72.99971, 24.493286], [72.958679, 24.390062], [72.897391, 24.360581], [72.747012, 24.380657], [72.667637, 24.460936], [72.555706, 24.50667], [72.500929, 24.49605], [72.275206, 24.568397], [72.261667, 24.60824], [72.099403, 24.656557], [72.050931, 24.708363], [71.947888, 24.662629], [71.750897, 24.678132], [71.651885, 24.658004], [71.545845, 24.688054], [71.378414, 24.646661], [71.251496, 24.636817], [71.047891, 24.687744]]]}}, {"type": "Feature", "properties": {"name": "Uttar Pradesh", "type": "State", "lon": 80.9966, "lat": 26.7201}, "geometry": {"type": "Polygon", "coordinates": [[[80.070699, 28.830179], [80.418585, 28.612026], [80.47915, 28.604895], [80.517907, 28.665176], [80.586999, 28.649621], [80.750761, 28.539705], [81.168927, 28.335015], [81.239, 28.240861], [81.310831, 28.176368], [81.486014, 28.062215], [81.852606, 27.867085], [81.987637, 27.913749], [82.111867, 27.864966], [82.451381, 27.671825], [82.629923, 27.68707], [82.677362, 27.673453], [82.733379, 27.518992], [83.064005, 27.444553], [83.289728, 27.371017], [83.369413, 27.410265], [83.383934, 27.444811], [83.447134, 27.465352], [83.551624, 27.456361], [83.828816, 27.377812], [83.942401, 27.222499], [83.938267, 27.164389], [84.02343, 27.059951], [84.070559, 26.923602], [84.149004, 26.876344], [84.240781, 26.8742], [84.246362, 26.757049], [84.306307, 26.744363], [84.382994, 26.641656], [84.099187, 26.649588], [84.054022, 26.564761], [83.920077, 26.53267], [83.955114, 26.453915], [84.026117, 26.46916], [84.177632, 26.40428], [84.187244, 26.292788], [83.992734, 26.241138], [84.064874, 26.103549], [84.150347, 26.066006], [84.261451, 25.931312], [84.374313, 25.940303], [84.419685, 25.889557], [84.531616, 25.862091], [84.605513, 25.799795], [84.600656, 25.747008], [84.486657, 25.700731], [84.372762, 25.765068], [84.314678, 25.74215], [84.324187, 25.658899], [84.238921, 25.64797], [84.212876, 25.728042], [84.143422, 25.736207], [83.904264, 25.529476], [83.774866, 25.444959], [83.384089, 25.235928], [83.334273, 25.172624], [83.323317, 25.068005], [83.359904, 25.008965], [83.360214, 24.863263], [83.508836, 24.762081], [83.530953, 24.703583], [83.523099, 24.529666], [83.401659, 24.498298], [83.453956, 24.361588], [83.337063, 24.140232], [83.206322, 23.944017], [83.08881, 23.911047], [82.964373, 23.913915], [82.800869, 23.998716], [82.679429, 24.166768], [82.732863, 24.21413], [82.766969, 24.386031], [82.734103, 24.419698], [82.734413, 24.551628], [82.808414, 24.566408], [82.772137, 24.668314], [82.692245, 24.719809], [82.623929, 24.691878], [82.427145, 24.718569], [82.423631, 24.647514], [82.302708, 24.638135], [82.319038, 24.702033], [82.033164, 24.859491], [81.881132, 24.921528], [81.817156, 25.035759], [81.585232, 25.079632], [81.536967, 25.199754], [81.360543, 25.156966], [81.243238, 25.169523], [81.239, 25.098081], [81.184843, 24.97292], [81.09813, 24.908609], [80.998808, 24.96566], [80.892975, 24.984134], [80.778667, 24.971499], [80.858868, 25.187558], [80.806055, 25.212156], [80.717895, 25.081984], [80.647202, 25.070098], [80.579506, 25.147923], [80.515117, 25.040668], [80.458376, 25.01514], [80.288257, 25.016225], [80.265313, 25.063819], [80.421996, 25.180737], [80.395021, 25.246676], [80.326498, 25.282256], [80.283606, 25.41447], [80.191106, 25.413333], [80.124546, 25.350959], [80.015302, 25.330909], [79.852108, 25.247839], [79.86327, 25.153245], [79.661112, 25.148078], [79.541636, 25.176551], [79.468152, 25.103843], [79.339065, 25.147406], [79.424744, 25.257192], [79.294519, 25.259415], [79.268991, 25.164123], [79.109001, 25.195026], [79.024045, 25.174639], [78.983427, 25.237375], [78.885035, 25.265538], [78.954902, 25.385712], [78.919142, 25.504593], [78.853099, 25.434029], [78.748816, 25.426149], [78.727526, 25.346386], [78.597094, 25.414005], [78.515859, 25.26621], [78.609807, 25.136321], [78.640192, 24.96411], [78.732073, 24.81492], [78.715433, 24.685109], [78.750367, 24.629841], [78.878731, 24.613201], [78.955005, 24.392542], [78.825814, 24.230149], [78.746646, 24.279423], [78.655902, 24.29459], [78.489401, 24.410784], [78.385531, 24.30123], [78.330134, 24.342029], [78.350494, 24.407968], [78.277527, 24.453107], [78.228848, 24.532741], [78.264815, 24.583487], [78.261301, 24.692653], [78.16911, 24.865459], [78.336542, 25.022995], [78.366307, 25.186008], [78.261921, 25.411705], [78.330031, 25.464777], [78.370545, 25.552678], [78.55844, 25.575545], [78.714503, 25.62593], [78.753571, 25.674273], [78.739825, 25.789796], [78.808348, 25.84155], [78.954075, 26.109983], [78.963274, 26.278086], [79.060839, 26.355084], [79.028076, 26.497556], [78.974436, 26.571583], [78.935782, 26.694443], [78.842351, 26.711936], [78.693213, 26.797874], [78.563505, 26.758496], [78.371475, 26.851049], [78.200116, 26.823583], [78.22306, 26.937064], [78.106892, 26.947296], [77.976564, 26.904379], [77.704642, 26.929752], [77.510546, 26.833324], [77.460833, 26.904224], [77.628471, 26.97316], [77.51344, 27.109224], [77.591368, 27.130747], [77.657307, 27.202707], [77.606147, 27.32363], [77.459799, 27.385073], [77.345595, 27.541885], [77.280689, 27.80944], [77.424453, 27.890753], [77.47985, 27.898039], [77.526462, 27.974468], [77.468068, 28.046815], [77.528942, 28.25347], [77.466517, 28.315223], [77.497006, 28.393254], [77.327404, 28.519707], [77.337533, 28.626186], [77.306941, 28.720599], [77.227152, 28.783592], [77.200797, 28.876791], [77.195733, 28.997584], [77.141369, 29.130341], [77.130724, 29.28059], [77.149844, 29.403374], [77.064681, 29.569513], [77.087832, 29.6585], [77.180437, 29.804253], [77.229943, 29.976646], [77.570077, 30.27823], [77.585063, 30.382926], [77.661544, 30.394915], [77.750634, 30.325617], [77.928918, 30.24433], [77.83497, 30.131391], [77.746397, 29.977344], [77.747017, 29.877996], [77.783811, 29.741751], [77.831456, 29.659895], [77.982765, 29.718755], [78.107202, 29.654521], [78.189057, 29.706688], [78.154951, 29.925435], [78.228331, 29.947423], [78.38057, 29.761569], [78.478652, 29.721959], [78.643086, 29.537577], [78.906946, 29.388362], [78.721531, 29.284027], [78.867672, 29.215168], [78.950354, 29.127008], [79.055878, 29.151761], [79.170599, 29.051121], [79.29638, 28.971565], [79.371207, 28.969886], [79.443658, 28.849583], [79.526237, 28.878418], [79.699353, 28.850436], [79.743278, 28.88524], [79.841049, 28.855293], [79.84446, 28.804857], [80.000626, 28.737316], [80.070699, 28.830179]]]}}, {"type": "Feature", "properties": {"name": "Uttarakhand", "type": "State", "lon": 79.2841, "lat": 30.0576}, "geometry": {"type": "Polygon", "coordinates": [[[81.010229, 30.164516], [80.966149, 30.180019], [80.907651, 30.171905], [80.848171, 30.139763], [80.684099, 29.994319], [80.549068, 29.899777], [80.401842, 29.730253], [80.254874, 29.423321], [80.25596, 29.31803], [80.232963, 29.194627], [80.130489, 29.100395], [80.051631, 28.870331], [80.070699, 28.830179], [80.000626, 28.737316], [79.84446, 28.804857], [79.841049, 28.855293], [79.743278, 28.88524], [79.699353, 28.850436], [79.526237, 28.878418], [79.443658, 28.849583], [79.371207, 28.969886], [79.29638, 28.971565], [79.170599, 29.051121], [79.055878, 29.151761], [78.950354, 29.127008], [78.867672, 29.215168], [78.721531, 29.284027], [78.906946, 29.388362], [78.643086, 29.537577], [78.478652, 29.721959], [78.38057, 29.761569], [78.228331, 29.947423], [78.154951, 29.925435], [78.189057, 29.706688], [78.107202, 29.654521], [77.982765, 29.718755], [77.831456, 29.659895], [77.783811, 29.741751], [77.747017, 29.877996], [77.746397, 29.977344], [77.83497, 30.131391], [77.928918, 30.24433], [77.750634, 30.325617], [77.661544, 30.394915], [77.585063, 30.382926], [77.812956, 30.521057], [77.705779, 30.791454], [77.789082, 30.930645], [77.806032, 31.050508], [77.941114, 31.172904], [78.039712, 31.17218], [78.284245, 31.290338], [78.368685, 31.290028], [78.500976, 31.219568], [78.581695, 31.231066], [78.792741, 31.20701], [78.869533, 31.121977], [78.993349, 31.163395], [78.869351, 31.314989], [78.899505, 31.33137], [78.973919, 31.328631], [79.011074, 31.414104], [79.043785, 31.426222], [79.107141, 31.402657], [79.338755, 31.105699], [79.493164, 30.993716], [79.565459, 30.949093], [79.794592, 30.968265], [80.0815, 30.78192], [80.149454, 30.789852], [80.19431, 30.759208], [80.207125, 30.683735], [80.191209, 30.568419], [80.260972, 30.561339], [80.682135, 30.414836], [80.746782, 30.360421], [80.985476, 30.237121], [81.010229, 30.164516]]]}}, {"type": "Feature", "properties": {"name": "Jharkhand", "type": "State", "lon": 85.0584, "lat": 23.5221}, "geometry": {"type": "Polygon", "coordinates": [[[83.970203, 22.539348], [83.996248, 22.592704], [84.190965, 22.70094], [84.228275, 22.78308], [84.352195, 22.88558], [84.291734, 22.997227], [84.115, 22.998855], [84.089059, 23.084819], [84.028908, 23.146107], [84.038623, 23.309404], [84.015368, 23.382604], [83.946949, 23.370021], [83.95222, 23.474924], [84.014541, 23.553989], [83.991184, 23.631762], [83.906434, 23.564686], [83.780861, 23.586493], [83.720813, 23.676152], [83.735282, 23.738345], [83.696628, 23.818701], [83.556792, 23.9358], [83.521755, 24.065896], [83.442277, 24.12181], [83.337063, 24.140232], [83.453956, 24.361588], [83.401659, 24.498298], [83.523099, 24.529666], [83.695905, 24.506282], [83.787889, 24.537314], [83.918423, 24.543799], [84.043894, 24.623898], [84.09557, 24.504138], [84.305376, 24.530803], [84.311888, 24.451144], [84.471981, 24.307354], [84.519213, 24.307509], [84.588253, 24.394429], [84.798473, 24.496593], [84.88901, 24.372828], [84.96146, 24.348385], [85.280614, 24.487265], [85.391408, 24.50946], [85.526387, 24.501554], [85.578374, 24.557804], [85.6624, 24.568888], [85.64731, 24.648573], [85.746012, 24.770039], [85.830865, 24.770917], [85.911583, 24.698467], [86.03292, 24.712394], [86.097722, 24.690483], [86.154876, 24.556098], [86.290475, 24.551551], [86.276419, 24.434814], [86.438683, 24.340375], [86.49439, 24.479798], [86.585651, 24.561447], [86.702336, 24.547778], [86.755356, 24.588138], [86.889922, 24.531604], [86.925475, 24.613588], [87.050015, 24.597026], [87.077507, 24.745337], [87.119158, 24.851145], [87.117298, 24.970879], [87.185511, 25.061985], [87.265919, 25.072165], [87.291861, 25.174252], [87.406686, 25.181047], [87.523475, 25.323778], [87.598715, 25.266701], [87.72615, 25.251611], [87.783717, 25.214094], [87.78103, 25.08989], [87.844075, 25.041547], [87.877458, 24.938866], [87.853274, 24.758437], [87.895442, 24.670303], [87.877251, 24.58868], [87.790848, 24.562455], [87.80046, 24.500779], [87.720568, 24.317792], [87.631478, 24.269372], [87.661554, 24.186198], [87.57205, 24.117572], [87.486888, 24.124135], [87.488748, 24.046853], [87.33806, 24.001843], [87.301576, 24.056852], [87.241218, 23.850844], [87.166287, 23.810227], [87.079677, 23.815213], [86.877209, 23.913063], [86.80972, 23.818081], [86.799798, 23.725529], [86.646112, 23.6969], [86.458527, 23.638609], [86.348352, 23.567942], [86.336467, 23.508436], [86.214304, 23.449163], [86.121493, 23.500891], [86.134515, 23.558872], [86.056381, 23.602513], [85.996436, 23.511511], [85.828901, 23.483063], [85.89484, 23.416478], [85.829831, 23.260803], [85.888432, 23.163083], [86.020207, 23.152592], [86.142474, 23.028259], [86.450465, 23.004203], [86.414808, 22.943458], [86.399099, 22.784966], [86.586891, 22.680683], [86.611386, 22.604254], [86.749362, 22.5448], [86.718149, 22.469404], [86.789876, 22.415635], [86.780264, 22.286702], [86.686523, 22.218024], [86.486639, 22.336854], [86.366026, 22.330058], [86.268047, 22.422404], [86.102476, 22.500126], [86.039844, 22.556737], [85.938765, 22.500513], [85.986514, 22.393621], [85.964603, 22.24487], [85.974112, 22.104594], [85.916234, 22.022119], [85.834275, 21.986126], [85.784666, 22.011887], [85.792211, 22.129089], [85.679143, 22.075862], [85.550675, 22.107591], [85.425205, 22.164487], [85.324126, 22.126686], [85.232038, 22.035322], [85.109152, 22.108496], [84.985232, 22.112785], [85.087758, 22.280165], [85.100367, 22.393956], [85.065537, 22.5032], [84.908337, 22.421965], [84.80085, 22.45018], [84.733671, 22.427288], [84.530066, 22.423024], [84.420822, 22.330989], [84.310957, 22.324012], [84.147763, 22.386773], [84.067045, 22.499583], [83.970203, 22.539348]]]}}, {"type": "Feature", "properties": {"name": "West Bengal", "type": "State", "lon": 87.7289, "lat": 23.0523}, "geometry": {"type": "Polygon", "coordinates": [[[88.7562, 27.148801], [88.835177, 27.065583], [88.857657, 26.961481], [89.148233, 26.816141], [89.332098, 26.848646], [89.586088, 26.778934], [89.609187, 26.762191], [89.609962, 26.719455], [89.763855, 26.701549], [89.860038, 26.713565], [89.888498, 26.532903], [89.828864, 26.327851], [89.781528, 26.308679], [89.727268, 26.206204], [89.687784, 26.195384], [89.67094, 26.213827], [89.619057, 26.215687], [89.585726, 26.186051], [89.572755, 26.132307], [89.59141, 26.072414], [89.549914, 26.005261], [89.466922, 25.983531], [89.289207, 26.03761], [89.186422, 26.105952], [89.108287, 26.202225], [89.101983, 26.308343], [89.066791, 26.376917], [89.018629, 26.410275], [88.951915, 26.412135], [88.924113, 26.375083], [88.981525, 26.286122], [88.970415, 26.250904], [88.827994, 26.252196], [88.682835, 26.291703], [88.680613, 26.352991], [88.620152, 26.430661], [88.518246, 26.517762], [88.418149, 26.571531], [88.369935, 26.564115], [88.345853, 26.504791], [88.351434, 26.48257], [88.436752, 26.437095], [88.44037, 26.369502], [88.150723, 26.087142], [88.084629, 25.888239], [88.106591, 25.841136], [88.147416, 25.811448], [88.252887, 25.789796], [88.363113, 25.698173], [88.452307, 25.574434], [88.502433, 25.53702], [88.593487, 25.495292], [88.769187, 25.490486], [88.795387, 25.456276], [88.820346, 25.365506], [88.944163, 25.290782], [88.951656, 25.25926], [88.890109, 25.19438], [88.817297, 25.176241], [88.456286, 25.188437], [88.372932, 24.961526], [88.313349, 24.881841], [88.18886, 24.920598], [88.149793, 24.914655], [88.045096, 24.71304], [88.023392, 24.627851], [88.145452, 24.485793], [88.225034, 24.460626], [88.287149, 24.479746], [88.337533, 24.453857], [88.396961, 24.389261], [88.498557, 24.346628], [88.642321, 24.325957], [88.723505, 24.274901], [88.733582, 24.230924], [88.699837, 24.002515], [88.567338, 23.674421], [88.616431, 23.572773], [88.740868, 23.436606], [88.703971, 23.292842], [88.724435, 23.254963], [88.897034, 23.210418], [88.928092, 23.186595], [88.850629, 23.040506], [88.899721, 22.84349], [88.926955, 22.671149], [88.920702, 22.632004], [89.049945, 22.274636], [89.051443, 22.093174], [89.02793, 21.937207], [88.949316, 21.937939], [89.019629, 21.833643], [89.05166, 21.654102], [88.96709, 21.641357], [88.907422, 21.653076], [88.85752, 21.744678], [88.834375, 21.661377], [88.74502, 21.584375], [88.694727, 21.662402], [88.691211, 21.733496], [88.740234, 22.00542], [88.708301, 22.056152], [88.65957, 22.066943], [88.641602, 22.121973], [88.566797, 21.832129], [88.599805, 21.71377], [88.584668, 21.659717], [88.445996, 21.614258], [88.305469, 21.72334], [88.2875, 21.758203], [88.253711, 21.622314], [88.12207, 21.635791], [88.056836, 21.694141], [88.181055, 22.03291], [88.196289, 22.139551], [87.994434, 22.265674], [87.941406, 22.374316], [87.961621, 22.255029], [88.159277, 22.121729], [88.050781, 22.001074], [87.948438, 21.825439], [87.82373, 21.727344], [87.678223, 21.653516], [87.478635, 21.608108], [87.408546, 21.786138], [87.275014, 21.813966], [87.231503, 21.848098], [87.190678, 21.956205], [87.112957, 21.971398], [87.059213, 21.90719], [86.993688, 21.972483], [86.987383, 22.066586], [86.833904, 22.121751], [86.686523, 22.218024], [86.780264, 22.286702], [86.789876, 22.415635], [86.718149, 22.469404], [86.749362, 22.5448], [86.611386, 22.604254], [86.586891, 22.680683], [86.399099, 22.784966], [86.414808, 22.943458], [86.450465, 23.004203], [86.142474, 23.028259], [86.020207, 23.152592], [85.888432, 23.163083], [85.829831, 23.260803], [85.89484, 23.416478], [85.828901, 23.483063], [85.996436, 23.511511], [86.056381, 23.602513], [86.134515, 23.558872], [86.121493, 23.500891], [86.214304, 23.449163], [86.336467, 23.508436], [86.348352, 23.567942], [86.458527, 23.638609], [86.646112, 23.6969], [86.799798, 23.725529], [86.80972, 23.818081], [86.877209, 23.913063], [87.079677, 23.815213], [87.166287, 23.810227], [87.241218, 23.850844], [87.301576, 24.056852], [87.33806, 24.001843], [87.488748, 24.046853], [87.486888, 24.124135], [87.57205, 24.117572], [87.661554, 24.186198], [87.631478, 24.269372], [87.720568, 24.317792], [87.80046, 24.500779], [87.790848, 24.562455], [87.877251, 24.58868], [87.895442, 24.670303], [87.853274, 24.758437], [87.877458, 24.938866], [87.844075, 25.041547], [87.78103, 25.08989], [87.783717, 25.214094], [87.838081, 25.27776], [87.768007, 25.436277], [87.9558, 25.534075], [88.043133, 25.547097], [88.04644, 25.668873], [87.910531, 25.76512], [87.805421, 25.873666], [87.831363, 26.010557], [87.979364, 26.145795], [88.079823, 26.19282], [88.180489, 26.285528], [88.297174, 26.336222], [88.282291, 26.428439], [88.194958, 26.501483], [88.093596, 26.536846], [88.161575, 26.724777], [88.157234, 26.807305], [88.111036, 26.92846], [87.993162, 27.086073], [87.984428, 27.133951], [88.000898, 27.248035], [88.118167, 27.138499], [88.233095, 27.137104], [88.357429, 27.085117], [88.447656, 27.114495], [88.518039, 27.176223], [88.66449, 27.173355], [88.7562, 27.148801]]]}}, {"type": "Feature", "properties": {"name": "Bihar", "type": "State", "lon": 85.8134, "lat": 25.6853}, "geometry": {"type": "Polygon", "coordinates": [[[83.828816, 27.377812], [83.897184, 27.435122], [84.024825, 27.461683], [84.091074, 27.491346], [84.229774, 27.427835], [84.610216, 27.298696], [84.654812, 27.203663], [84.653831, 27.09168], [84.685405, 27.041037], [85.020061, 26.878515], [85.125378, 26.860996], [85.151526, 26.84663], [85.174109, 26.78157], [85.240203, 26.750357], [85.293016, 26.741004], [85.568452, 26.839835], [85.648395, 26.828983], [85.699917, 26.781621], [85.70741, 26.712659], [85.73733, 26.639744], [85.794588, 26.604165], [85.855721, 26.600185], [86.007288, 26.649381], [86.129399, 26.611709], [86.366129, 26.574399], [86.701406, 26.435053], [86.762487, 26.441926], [87.016425, 26.555434], [87.037923, 26.54161], [87.089548, 26.433219], [87.287417, 26.360303], [87.413559, 26.422961], [87.633339, 26.399112], [87.849243, 26.436888], [87.995074, 26.382369], [88.054915, 26.430015], [88.093596, 26.536846], [88.194958, 26.501483], [88.282291, 26.428439], [88.297174, 26.336222], [88.180489, 26.285528], [88.079823, 26.19282], [87.979364, 26.145795], [87.831363, 26.010557], [87.805421, 25.873666], [87.910531, 25.76512], [88.04644, 25.668873], [88.043133, 25.547097], [87.9558, 25.534075], [87.768007, 25.436277], [87.838081, 25.27776], [87.783717, 25.214094], [87.72615, 25.251611], [87.598715, 25.266701], [87.523475, 25.323778], [87.406686, 25.181047], [87.291861, 25.174252], [87.265919, 25.072165], [87.185511, 25.061985], [87.117298, 24.970879], [87.119158, 24.851145], [87.077507, 24.745337], [87.050015, 24.597026], [86.925475, 24.613588], [86.889922, 24.531604], [86.755356, 24.588138], [86.702336, 24.547778], [86.585651, 24.561447], [86.49439, 24.479798], [86.438683, 24.340375], [86.276419, 24.434814], [86.290475, 24.551551], [86.154876, 24.556098], [86.097722, 24.690483], [86.03292, 24.712394], [85.911583, 24.698467], [85.830865, 24.770917], [85.746012, 24.770039], [85.64731, 24.648573], [85.6624, 24.568888], [85.578374, 24.557804], [85.526387, 24.501554], [85.391408, 24.50946], [85.280614, 24.487265], [84.96146, 24.348385], [84.88901, 24.372828], [84.798473, 24.496593], [84.588253, 24.394429], [84.519213, 24.307509], [84.471981, 24.307354], [84.311888, 24.451144], [84.305376, 24.530803], [84.09557, 24.504138], [84.043894, 24.623898], [83.918423, 24.543799], [83.787889, 24.537314], [83.695905, 24.506282], [83.523099, 24.529666], [83.530953, 24.703583], [83.508836, 24.762081], [83.360214, 24.863263], [83.359904, 25.008965], [83.323317, 25.068005], [83.334273, 25.172624], [83.384089, 25.235928], [83.774866, 25.444959], [83.904264, 25.529476], [84.143422, 25.736207], [84.212876, 25.728042], [84.238921, 25.64797], [84.324187, 25.658899], [84.314678, 25.74215], [84.372762, 25.765068], [84.486657, 25.700731], [84.600656, 25.747008], [84.605513, 25.799795], [84.531616, 25.862091], [84.419685, 25.889557], [84.374313, 25.940303], [84.261451, 25.931312], [84.150347, 26.066006], [84.064874, 26.103549], [83.992734, 26.241138], [84.187244, 26.292788], [84.177632, 26.40428], [84.026117, 26.46916], [83.955114, 26.453915], [83.920077, 26.53267], [84.054022, 26.564761], [84.099187, 26.649588], [84.382994, 26.641656], [84.306307, 26.744363], [84.246362, 26.757049], [84.240781, 26.8742], [84.149004, 26.876344], [84.070559, 26.923602], [84.02343, 27.059951], [83.938267, 27.164389], [83.942401, 27.222499], [83.828816, 27.377812]]]}}, {"type": "Feature", "properties": {"name": "Chhattisgarh", "type": "State", "lon": 82.3069, "lat": 21.8044}, "geometry": {"type": "Polygon", "coordinates": [[[80.270377, 18.71369], [80.274821, 18.776942], [80.344171, 18.85071], [80.271824, 18.979436], [80.366599, 19.117386], [80.397088, 19.234175], [80.575992, 19.391969], [80.617436, 19.318563], [80.716655, 19.262701], [80.832203, 19.345409], [80.893905, 19.484444], [80.830963, 19.547102], [80.712934, 19.592603], [80.675727, 19.676551], [80.565553, 19.739777], [80.537751, 19.81091], [80.425096, 19.892817], [80.531137, 19.920697], [80.557181, 20.048337], [80.53062, 20.134869], [80.426337, 20.146238], [80.424373, 20.234088], [80.622397, 20.325891], [80.622397, 20.600913], [80.503025, 20.633289], [80.572994, 20.697574], [80.552117, 20.919318], [80.48132, 20.931978], [80.435328, 20.999235], [80.484524, 21.167701], [80.625601, 21.242657], [80.721409, 21.473212], [80.730504, 21.714308], [80.805125, 21.774304], [80.837888, 21.846135], [80.835097, 21.950986], [80.91902, 22.097463], [80.987336, 22.108005], [81.02351, 22.193969], [81.118904, 22.294608], [81.122522, 22.400519], [81.178022, 22.478422], [81.234866, 22.444496], [81.372636, 22.492684], [81.417801, 22.437494], [81.53955, 22.519995], [81.642283, 22.550846], [81.669568, 22.609292], [81.76641, 22.663992], [81.788527, 22.852946], [81.940249, 22.945835], [81.946141, 23.042961], [82.070784, 23.100347], [82.129385, 23.096498], [82.189743, 23.288734], [82.098173, 23.371726], [81.991409, 23.400536], [81.907177, 23.505181], [81.744602, 23.542594], [81.644144, 23.482055], [81.591434, 23.561172], [81.686208, 23.690311], [81.622026, 23.833791], [81.681867, 23.885132], [81.778192, 23.801881], [81.936942, 23.840664], [82.077399, 23.801364], [82.531738, 23.775371], [82.6508, 23.844824], [82.657725, 23.884537], [82.768106, 23.928953], [82.800869, 23.998716], [82.964373, 23.913915], [83.08881, 23.911047], [83.206322, 23.944017], [83.337063, 24.140232], [83.442277, 24.12181], [83.521755, 24.065896], [83.556792, 23.9358], [83.696628, 23.818701], [83.735282, 23.738345], [83.720813, 23.676152], [83.780861, 23.586493], [83.906434, 23.564686], [83.991184, 23.631762], [84.014541, 23.553989], [83.95222, 23.474924], [83.946949, 23.370021], [84.015368, 23.382604], [84.038623, 23.309404], [84.028908, 23.146107], [84.089059, 23.084819], [84.115, 22.998855], [84.291734, 22.997227], [84.352195, 22.88558], [84.228275, 22.78308], [84.190965, 22.70094], [83.996248, 22.592704], [83.970203, 22.539348], [83.996455, 22.440543], [83.945812, 22.371193], [83.841425, 22.348584], [83.733112, 22.262285], [83.605367, 22.195984], [83.54625, 22.101623], [83.515347, 21.963853], [83.570641, 21.923055], [83.557102, 21.834921], [83.473179, 21.807171], [83.444034, 21.718597], [83.351946, 21.577262], [83.327658, 21.499153], [83.381195, 21.399547], [83.361041, 21.33676], [83.279393, 21.3588], [83.198261, 21.172558], [83.078165, 21.114551], [82.96458, 21.178527], [82.668164, 21.155479], [82.562124, 20.954458], [82.4535, 20.846867], [82.341982, 20.86082], [82.366683, 20.657086], [82.340225, 20.556342], [82.421874, 20.42803], [82.433656, 20.159002], [82.415569, 20.066967], [82.611216, 19.988134], [82.695035, 20.000537], [82.682323, 19.822666], [82.381359, 19.885944], [82.290306, 19.836051], [82.228397, 19.95873], [82.096209, 20.050637], [82.046083, 20.017874], [81.939629, 20.104665], [81.867799, 20.046658], [81.824184, 19.913255], [82.029133, 19.776468], [82.02903, 19.517853], [82.168659, 19.386595], [82.145405, 19.244226], [82.224987, 19.015196], [82.22447, 18.921946], [82.169073, 18.878719], [82.138894, 18.747254], [81.968982, 18.685733], [81.903663, 18.621913], [81.913274, 18.544915], [81.792352, 18.438436], [81.740572, 18.357898], [81.643833, 18.292372], [81.542548, 18.262451], [81.444156, 17.879736], [81.39403, 17.806691], [81.245201, 17.803694], [81.14774, 17.83656], [81.044904, 17.776073], [80.985579, 17.840462], [80.978964, 17.963943], [80.93752, 18.086312], [80.852357, 18.196357], [80.772259, 18.232712], [80.696191, 18.412287], [80.583433, 18.541375], [80.502611, 18.59995], [80.409077, 18.588866], [80.319883, 18.642247], [80.270377, 18.71369]]]}}, {"type": "Feature", "properties": {"name": "Madhya Pradesh", "type": "State", "lon": 78.4214, "lat": 22.9404}, "geometry": {"type": "Polygon", "coordinates": [[[80.679034, 21.351152], [80.625601, 21.326476], [80.417552, 21.446831], [80.310168, 21.580233], [80.186661, 21.63948], [80.005277, 21.548323], [79.840326, 21.534345], [79.798365, 21.587804], [79.650467, 21.581551], [79.551558, 21.550029], [79.533058, 21.619275], [79.413065, 21.689813], [79.240053, 21.712758], [79.215765, 21.65457], [78.921932, 21.572275], [78.904156, 21.509282], [78.696003, 21.474762], [78.513689, 21.526593], [78.427906, 21.508481], [78.413333, 21.606304], [78.192675, 21.551114], [78.02917, 21.437684], [77.871454, 21.3981], [77.787531, 21.423008], [77.712601, 21.380272], [77.578035, 21.384457], [77.481814, 21.423886], [77.433134, 21.498817], [77.456802, 21.548504], [77.555194, 21.542484], [77.551783, 21.696764], [77.46073, 21.770041], [77.332985, 21.774459], [77.218987, 21.700846], [77.115531, 21.724049], [77.028818, 21.693586], [76.917404, 21.618086], [76.79369, 21.577004], [76.785525, 21.501685], [76.729508, 21.413009], [76.63339, 21.341049], [76.653957, 21.251313], [76.614063, 21.202479], [76.498308, 21.180361], [76.436606, 21.107808], [76.286641, 21.074812], [76.186802, 21.085819], [76.108564, 21.153128], [76.142877, 21.193125], [76.082933, 21.368076], [75.877777, 21.399779], [75.814008, 21.383372], [75.534749, 21.371797], [75.31192, 21.38146], [75.129916, 21.437684], [75.047957, 21.554059], [74.894065, 21.61204], [74.708133, 21.611162], [74.512486, 21.726917], [74.485614, 21.945973], [74.407686, 22.023049], [74.284386, 21.94494], [74.204908, 21.92507], [74.12884, 21.951761], [74.141862, 22.062814], [74.071479, 22.197793], [74.05639, 22.294169], [74.224338, 22.349205], [74.221547, 22.409433], [74.113027, 22.410674], [74.025694, 22.47961], [74.063108, 22.5209], [74.161189, 22.516662], [74.272707, 22.609654], [74.37637, 22.651047], [74.458122, 22.804112], [74.4266, 22.871628], [74.365001, 22.874961], [74.323453, 23.036062], [74.476106, 23.062365], [74.611911, 23.112672], [74.715884, 23.179206], [74.65842, 23.226464], [74.53636, 23.250907], [74.569537, 23.36785], [74.648188, 23.43056], [74.822958, 23.500116], [74.939023, 23.687366], [74.90657, 23.791313], [74.908327, 23.896733], [74.968169, 24.032771], [74.893134, 24.134496], [74.869983, 24.236118], [74.759292, 24.256685], [74.766424, 24.35872], [74.846832, 24.435511], [74.711853, 24.523852], [74.806525, 24.735777], [74.869673, 24.665575], [74.965378, 24.694049], [74.974266, 24.785748], [74.837841, 24.797143], [74.81531, 24.916516], [74.875874, 24.919358], [74.981398, 24.863031], [75.084441, 24.888895], [75.133326, 25.040022], [75.235129, 25.040229], [75.317915, 24.955247], [75.17198, 24.762546], [75.20371, 24.724951], [75.448036, 24.703144], [75.648954, 24.738335], [75.758818, 24.777377], [75.869406, 24.599377], [75.874883, 24.514266], [75.792201, 24.494164], [75.734427, 24.423962], [75.794785, 24.251647], [75.747759, 24.190048], [75.805017, 24.119122], [75.729983, 24.00068], [75.621772, 23.995228], [75.538883, 24.041375], [75.490307, 23.939934], [75.578157, 23.875726], [75.597071, 23.8179], [75.699804, 23.793199], [75.776491, 23.883142], [75.899378, 23.918334], [75.997873, 23.983937], [75.99901, 24.051116], [76.116626, 24.134031], [76.132749, 24.329394], [76.230314, 24.277872], [76.45614, 24.265031], [76.542749, 24.215189], [76.572515, 24.273247], [76.766612, 24.160334], [76.870275, 24.181651], [76.891565, 24.240924], [76.814567, 24.360115], [76.806196, 24.555788], [76.880507, 24.56186], [76.942932, 24.500236], [77.035226, 24.538399], [77.037396, 24.670303], [76.966806, 24.737483], [76.848054, 24.759703], [76.780564, 24.837141], [76.883194, 24.896956], [76.860973, 25.033795], [76.999362, 25.08772], [77.187361, 25.12751], [77.341254, 25.113997], [77.398925, 25.212234], [77.362958, 25.262128], [77.358617, 25.407106], [77.255471, 25.433512], [77.201624, 25.35561], [77.080598, 25.353181], [76.913476, 25.309308], [76.780151, 25.33202], [76.652304, 25.379175], [76.551431, 25.460126], [76.478361, 25.7198], [76.545953, 25.848293], [76.651787, 25.922656], [76.727028, 25.9163], [76.907998, 26.098588], [77.082458, 26.185275], [77.124729, 26.237856], [77.209686, 26.241964], [77.323374, 26.351984], [77.431274, 26.373662], [77.616792, 26.482983], [77.715081, 26.506031], [77.831456, 26.575768], [77.90277, 26.664032], [78.012841, 26.69558], [78.0794, 26.682919], [78.101207, 26.795109], [78.371475, 26.851049], [78.563505, 26.758496], [78.693213, 26.797874], [78.842351, 26.711936], [78.935782, 26.694443], [78.974436, 26.571583], [79.028076, 26.497556], [79.060839, 26.355084], [78.963274, 26.278086], [78.954075, 26.109983], [78.808348, 25.84155], [78.739825, 25.789796], [78.753571, 25.674273], [78.714503, 25.62593], [78.55844, 25.575545], [78.370545, 25.552678], [78.330031, 25.464777], [78.261921, 25.411705], [78.366307, 25.186008], [78.336542, 25.022995], [78.16911, 24.865459], [78.261301, 24.692653], [78.264815, 24.583487], [78.228848, 24.532741], [78.277527, 24.453107], [78.350494, 24.407968], [78.330134, 24.342029], [78.385531, 24.30123], [78.489401, 24.410784], [78.655902, 24.29459], [78.746646, 24.279423], [78.825814, 24.230149], [78.955005, 24.392542], [78.878731, 24.613201], [78.750367, 24.629841], [78.715433, 24.685109], [78.732073, 24.81492], [78.640192, 24.96411], [78.609807, 25.136321], [78.515859, 25.26621], [78.597094, 25.414005], [78.727526, 25.346386], [78.748816, 25.426149], [78.853099, 25.434029], [78.919142, 25.504593], [78.954902, 25.385712], [78.885035, 25.265538], [78.983427, 25.237375], [79.024045, 25.174639], [79.109001, 25.195026], [79.268991, 25.164123], [79.294519, 25.259415], [79.424744, 25.257192], [79.339065, 25.147406], [79.468152, 25.103843], [79.541636, 25.176551], [79.661112, 25.148078], [79.86327, 25.153245], [79.852108, 25.247839], [80.015302, 25.330909], [80.124546, 25.350959], [80.191106, 25.413333], [80.283606, 25.41447], [80.326498, 25.282256], [80.395021, 25.246676], [80.421996, 25.180737], [80.265313, 25.063819], [80.288257, 25.016225], [80.458376, 25.01514], [80.515117, 25.040668], [80.579506, 25.147923], [80.647202, 25.070098], [80.717895, 25.081984], [80.806055, 25.212156], [80.858868, 25.187558], [80.778667, 24.971499], [80.892975, 24.984134], [80.998808, 24.96566], [81.09813, 24.908609], [81.184843, 24.97292], [81.239, 25.098081], [81.243238, 25.169523], [81.360543, 25.156966], [81.536967, 25.199754], [81.585232, 25.079632], [81.817156, 25.035759], [81.881132, 24.921528], [82.033164, 24.859491], [82.319038, 24.702033], [82.302708, 24.638135], [82.423631, 24.647514], [82.427145, 24.718569], [82.623929, 24.691878], [82.692245, 24.719809], [82.772137, 24.668314], [82.808414, 24.566408], [82.734413, 24.551628], [82.734103, 24.419698], [82.766969, 24.386031], [82.732863, 24.21413], [82.679429, 24.166768], [82.800869, 23.998716], [82.768106, 23.928953], [82.657725, 23.884537], [82.6508, 23.844824], [82.531738, 23.775371], [82.077399, 23.801364], [81.936942, 23.840664], [81.778192, 23.801881], [81.681867, 23.885132], [81.622026, 23.833791], [81.686208, 23.690311], [81.591434, 23.561172], [81.644144, 23.482055], [81.744602, 23.542594], [81.907177, 23.505181], [81.991409, 23.400536], [82.098173, 23.371726], [82.189743, 23.288734], [82.129385, 23.096498], [82.070784, 23.100347], [81.946141, 23.042961], [81.940249, 22.945835], [81.788527, 22.852946], [81.76641, 22.663992], [81.669568, 22.609292], [81.642283, 22.550846], [81.53955, 22.519995], [81.417801, 22.437494], [81.372636, 22.492684], [81.234866, 22.444496], [81.178022, 22.478422], [81.122522, 22.400519], [81.118904, 22.294608], [81.02351, 22.193969], [80.987336, 22.108005], [80.91902, 22.097463], [80.835097, 21.950986], [80.837888, 21.846135], [80.805125, 21.774304], [80.730504, 21.714308], [80.721409, 21.473212], [80.679034, 21.351152]]]}}, {"type": "Feature", "properties": {"name": "Puducherry", "type": "Union Territor", "lon": 79.7758, "lat": 10.9224}, "geometry": {"type": "MultiPolygon", "coordinates": [[[[79.848488, 11.954472], [79.812867, 11.832394], [79.727051, 11.841629], [79.68602, 11.99994], [79.79113, 11.916818], [79.848488, 11.954472]]], [[[79.849425, 10.979844], [79.850195, 10.768848], [79.767359, 10.88856], [79.70545, 10.910445], [79.73749, 10.986229], [79.849425, 10.979844]]]]}}, {"type": "Feature", "properties": {"name": "Tamil Nadu", "type": "State", "lon": 78.2704, "lat": 11.0159}, "geometry": {"type": "Polygon", "coordinates": [[[79.850195, 10.768848], [79.838184, 10.322559], [79.667383, 10.299707], [79.531641, 10.329639], [79.390527, 10.305957], [79.314551, 10.256689], [79.253613, 10.174805], [79.257812, 10.035205], [78.996289, 9.683105], [78.939941, 9.565771], [78.919141, 9.452881], [78.953125, 9.393799], [79.019922, 9.33335], [79.275488, 9.284619], [79.356348, 9.252148], [79.411426, 9.192383], [79.212891, 9.256006], [78.97959, 9.268555], [78.421484, 9.105029], [78.274512, 8.990186], [78.19248, 8.890869], [78.136035, 8.663379], [78.126367, 8.511328], [78.060156, 8.38457], [77.770312, 8.189844], [77.587207, 8.129883], [77.517578, 8.07832], [77.301465, 8.145312], [77.109654, 8.28424], [77.166071, 8.336933], [77.278829, 8.526405], [77.203794, 8.611981], [77.178886, 8.695232], [77.23542, 8.784141], [77.24927, 8.859098], [77.202554, 8.89416], [77.164934, 9.001001], [77.254541, 9.122105], [77.398615, 9.499963], [77.340634, 9.579958], [77.263222, 9.557376], [77.187671, 9.612773], [77.23542, 9.764676], [77.225912, 9.858882], [77.260225, 9.962209], [77.224258, 10.05781], [77.276968, 10.210101], [77.191495, 10.351306], [77.064578, 10.296297], [76.98634, 10.231288], [76.928049, 10.235551], [76.841543, 10.310663], [76.808573, 10.437115], [76.821079, 10.633176], [76.875546, 10.678496], [76.889705, 10.78004], [76.819838, 10.875951], [76.690441, 10.933364], [76.719173, 11.138726], [76.641245, 11.208644], [76.466268, 11.205234], [76.533758, 11.313134], [76.495414, 11.384758], [76.409114, 11.436822], [76.256255, 11.478447], [76.240752, 11.603969], [76.339248, 11.591489], [76.465338, 11.71497], [76.532207, 11.709079], [76.605381, 11.631177], [76.750799, 11.642339], [76.820769, 11.625596], [76.907688, 11.800184], [76.997399, 11.825919], [77.082561, 11.756776], [77.121939, 11.792536], [77.259192, 11.816902], [77.353863, 11.7837], [77.433858, 11.811527], [77.489772, 11.92612], [77.670846, 11.971311], [77.768721, 12.120036], [77.667849, 12.203881], [77.492149, 12.205457], [77.471892, 12.274238], [77.560775, 12.339661], [77.618859, 12.46663], [77.568733, 12.55957], [77.609351, 12.672793], [77.765311, 12.718733], [77.801277, 12.856554], [77.895018, 12.87278], [78.002092, 12.807151], [78.056249, 12.845935], [78.229572, 12.759893], [78.352768, 12.641503], [78.419121, 12.63264], [78.582625, 12.778213], [78.64474, 12.991998], [78.736207, 13.06096], [78.944153, 13.093387], [79.077582, 13.035587], [79.161608, 13.044915], [79.250801, 13.147751], [79.31488, 13.131989], [79.420197, 13.219994], [79.449549, 13.33115], [79.54422, 13.323528], [79.571712, 13.284073], [79.667933, 13.291282], [79.696769, 13.235807], [79.784929, 13.224025], [79.816348, 13.294925], [79.956701, 13.365774], [79.961972, 13.416546], [80.097571, 13.463752], [80.231198, 13.467614], [80.290332, 13.436719], [80.342383, 13.361328], [80.229102, 12.690332], [80.143066, 12.452002], [79.981738, 12.235449], [79.848488, 11.954472], [79.79113, 11.916818], [79.68602, 11.99994], [79.727051, 11.841629], [79.812867, 11.832394], [79.754102, 11.575293], [79.793359, 11.44668], [79.693164, 11.312549], [79.799023, 11.338672], [79.835254, 11.268848], [79.848633, 11.196875], [79.849425, 10.979844], [79.73749, 10.986229], [79.70545, 10.910445], [79.767359, 10.88856], [79.850195, 10.768848]]]}}, {"type": "Feature", "properties": {"name": "Gujarat", "type": null, "lon": 71.3013, "lat": 22.7501}, "geometry": {"type": "Polygon", "coordinates": [[[71.047891, 24.687744], [71.251496, 24.636817], [71.378414, 24.646661], [71.545845, 24.688054], [71.651885, 24.658004], [71.750897, 24.678132], [71.947888, 24.662629], [72.050931, 24.708363], [72.099403, 24.656557], [72.261667, 24.60824], [72.275206, 24.568397], [72.500929, 24.49605], [72.555706, 24.50667], [72.667637, 24.460936], [72.747012, 24.380657], [72.897391, 24.360581], [72.958679, 24.390062], [72.99971, 24.493286], [73.095001, 24.503647], [73.137169, 24.335931], [73.079292, 24.204311], [73.245586, 24.015537], [73.354107, 24.104731], [73.42387, 23.940942], [73.364029, 23.889085], [73.361652, 23.784233], [73.51079, 23.684498], [73.620551, 23.582592], [73.618794, 23.451876], [73.710674, 23.415031], [73.811857, 23.434616], [73.904461, 23.333382], [73.959548, 23.358833], [74.105792, 23.247677], [74.108996, 23.191117], [74.23333, 23.1559], [74.323453, 23.036062], [74.365001, 22.874961], [74.4266, 22.871628], [74.458122, 22.804112], [74.37637, 22.651047], [74.272707, 22.609654], [74.161189, 22.516662], [74.063108, 22.5209], [74.025694, 22.47961], [74.113027, 22.410674], [74.221547, 22.409433], [74.224338, 22.349205], [74.05639, 22.294169], [74.071479, 22.197793], [74.141862, 22.062814], [74.12884, 21.951761], [74.06104, 21.940315], [73.917587, 21.866883], [73.809376, 21.836471], [73.8286, 21.650927], [73.751602, 21.611033], [73.820848, 21.508326], [73.995928, 21.555325], [74.191575, 21.545507], [74.291517, 21.513855], [74.108686, 21.451559], [74.053496, 21.465718], [73.960168, 21.394379], [73.91862, 21.291569], [73.800074, 21.280949], [73.77744, 21.216638], [73.695171, 21.122639], [73.868287, 20.974767], [73.902911, 20.883868], [73.909008, 20.775709], [73.81103, 20.676904], [73.792323, 20.606184], [73.699822, 20.562414], [73.475753, 20.678712], [73.404233, 20.66985], [73.4587, 20.538023], [73.360721, 20.369377], [73.394104, 20.270391], [73.363822, 20.178304], [73.271838, 20.193419], [73.243313, 20.138642], [73.166315, 20.114871], [73.041775, 20.157736], [73.046839, 20.221324], [73.112158, 20.254914], [73.049939, 20.330258], [72.896667, 20.221505], [72.947207, 20.127402], [72.708984, 20.078027], [72.881152, 20.563184], [72.89375, 20.672754], [72.878906, 20.828516], [72.840527, 20.95249], [72.813867, 21.117188], [72.751563, 21.12915], [72.692383, 21.177637], [72.623828, 21.371973], [72.734766, 21.470801], [72.613281, 21.461816], [72.810547, 21.619922], [73.022461, 21.699609], [73.1125, 21.750439], [72.979102, 21.704687], [72.839746, 21.687256], [72.543066, 21.696582], [72.59248, 21.877588], [72.644043, 21.937988], [72.700195, 21.971924], [72.61748, 21.961719], [72.522266, 21.976221], [72.553027, 22.159961], [72.62793, 22.199609], [72.80918, 22.233301], [72.590137, 22.278125], [72.455957, 22.248096], [72.332617, 22.270215], [72.182813, 22.269727], [72.242578, 22.245166], [72.306445, 22.189209], [72.274414, 22.089746], [72.244336, 22.027637], [72.161719, 21.984814], [72.094434, 21.919971], [72.075586, 21.862988], [72.037207, 21.823047], [72.170898, 21.774316], [72.210352, 21.728223], [72.256641, 21.66123], [72.254004, 21.531006], [72.076563, 21.224072], [72.015234, 21.155713], [71.571094, 20.970557], [71.396484, 20.869775], [71.024609, 20.738867], [70.879688, 20.714502], [70.719336, 20.74043], [70.485059, 20.840186], [70.127344, 21.094678], [70.034375, 21.178809], [69.748438, 21.505713], [69.541992, 21.678564], [69.385449, 21.839551], [69.191699, 21.991504], [69.008789, 22.196777], [68.969922, 22.290283], [68.983496, 22.3854], [69.05166, 22.437305], [69.131348, 22.41626], [69.194238, 22.336084], [69.276563, 22.285498], [69.549219, 22.408398], [69.655176, 22.403516], [69.727539, 22.465186], [69.819043, 22.451758], [70.005859, 22.547705], [70.177246, 22.572754], [70.44043, 22.970312], [70.513477, 23.00249], [70.489258, 23.089502], [70.43457, 23.0771], [70.339453, 22.939746], [70.251172, 22.970898], [70.118262, 22.947021], [69.849805, 22.856445], [69.739648, 22.775195], [69.664648, 22.759082], [69.235938, 22.848535], [68.81709, 23.053711], [68.640723, 23.189941], [68.41748, 23.571484], [68.453809, 23.629492], [68.776758, 23.8521], [68.496875, 23.747998], [68.424902, 23.705566], [68.343359, 23.616846], [68.234961, 23.596973], [68.165039, 23.857324], [68.28253, 23.927971], [68.381284, 23.95089], [68.488719, 23.967245], [68.724105, 23.964687], [68.728136, 24.265625], [68.758935, 24.30725], [68.799966, 24.309059], [68.828285, 24.263997], [68.863425, 24.266478], [68.900839, 24.292445], [68.984554, 24.273092], [69.051527, 24.286322], [69.119533, 24.268648], [69.559196, 24.273092], [69.716189, 24.172608], [69.933747, 24.171367], [70.021132, 24.191573], [70.098182, 24.287484], [70.289074, 24.356317], [70.546785, 24.418303], [70.565026, 24.385773], [70.55588, 24.331099], [70.579341, 24.279035], [70.659491, 24.246117], [70.767288, 24.245394], [70.805064, 24.261982], [70.886196, 24.34376], [70.928157, 24.362338], [70.98283, 24.36102], [71.044015, 24.400087], [71.045307, 24.430008], [71.00624, 24.444348], [70.973219, 24.48742], [70.969808, 24.571885], [70.976319, 24.618756], [71.047891, 24.687744]]]}}, {"type": "Feature", "properties": {"name": "Arunachal Pradesh", "type": "State", "lon": 94.4673, "lat": 28.4056}, "geometry": {"type": "Polygon", "coordinates": [[[91.631906, 27.75996], [91.977673, 27.730349], [92.101283, 27.807631], [92.250525, 27.841479], [92.341062, 27.820757], [92.414856, 27.824607], [92.546734, 27.879177], [92.664349, 27.94894], [92.687759, 27.98899], [92.687449, 28.025732], [92.643472, 28.061543], [92.652567, 28.093376], [92.701866, 28.147119], [92.881856, 28.228122], [93.034973, 28.327651], [93.119205, 28.402298], [93.206539, 28.590813], [93.251962, 28.629467], [93.664908, 28.690239], [93.760768, 28.729771], [93.902258, 28.803203], [93.973623, 28.860797], [94.013311, 28.907538], [94.017652, 28.959525], [94.111548, 28.97588], [94.293294, 29.14463], [94.468064, 29.216201], [94.62299, 29.312423], [94.677043, 29.297023], [94.73337, 29.2516], [94.769441, 29.175868], [94.998884, 29.149177], [95.279074, 29.049545], [95.389248, 29.037401], [95.51694, 29.151193], [95.515803, 29.206331], [95.710365, 29.313818], [96.035306, 29.447143], [96.128479, 29.381385], [96.19478, 29.272451], [96.234984, 29.245786], [96.3372, 29.261005], [96.355804, 29.249068], [96.339732, 29.209794], [96.12233, 29.082075], [96.137161, 28.922602], [96.162224, 28.909709], [96.346864, 29.027427], [96.435695, 29.050682], [96.467063, 29.022286], [96.47714, 28.959318], [96.580906, 28.763671], [96.395595, 28.606523], [96.327382, 28.525391], [96.326141, 28.468547], [96.278909, 28.428188], [96.281493, 28.412065], [96.389083, 28.367933], [96.427686, 28.406018], [96.602662, 28.459917], [96.65284, 28.449737], [96.77583, 28.367054], [96.980882, 28.337702], [97.075346, 28.368966], [97.145161, 28.340312], [97.322515, 28.217994], [97.302774, 28.085986], [97.339154, 28.030873], [97.343547, 27.982349], [97.335124, 27.937727], [97.306185, 27.907082], [97.226086, 27.890055], [96.962795, 27.698284], [96.899698, 27.643869], [96.876857, 27.58674], [96.90192, 27.439592], [97.103768, 27.163329], [97.102063, 27.115425], [97.038088, 27.102041], [96.95339, 27.13328], [96.880268, 27.177825], [96.797792, 27.296215], [96.731646, 27.33151], [96.665759, 27.339262], [96.190801, 27.261282], [96.061455, 27.217099], [95.905289, 27.046644], [95.738374, 26.950422], [95.463817, 26.756042], [95.246448, 26.654794], [95.235252, 26.790613], [95.202179, 26.866732], [95.225433, 26.974219], [95.176444, 27.033182], [95.261193, 27.048866], [95.423768, 27.141289], [95.493427, 27.250042], [95.545931, 27.273943], [95.643806, 27.230328], [95.799559, 27.28588], [95.903738, 27.276087], [96.007194, 27.365126], [95.978256, 27.449694], [95.879554, 27.462613], [95.886788, 27.557], [95.804313, 27.619374], [95.775891, 27.717327], [95.900741, 27.86538], [95.964096, 27.993305], [95.716773, 27.990204], [95.543554, 27.90207], [95.408368, 27.870831], [95.31318, 27.895791], [94.474575, 27.593872], [94.352929, 27.593122], [94.243064, 27.647977], [94.243064, 27.525969], [93.982512, 27.327712], [93.84659, 27.198892], [93.826552, 27.095995], [93.694674, 27.005949], [93.460683, 26.947244], [93.375004, 26.988792], [93.020297, 26.953006], [92.814831, 27.050804], [92.698766, 27.065919], [92.626212, 27.018067], [92.21032, 26.912337], [92.072848, 26.920914], [92.068107, 26.975201], [91.992297, 27.099897], [92.031158, 27.214308], [92.083455, 27.290608], [92.044956, 27.364712], [91.990799, 27.450211], [91.743062, 27.442511], [91.658106, 27.493619], [91.594751, 27.557646], [91.579351, 27.611442], [91.631906, 27.75996]]]}}, {"type": "Feature", "properties": {"name": "Mizoram", "type": "State", "lon": 92.8409, "lat": 23.2037}, "geometry": {"type": "Polygon", "coordinates": [[[93.312122, 24.032525], [93.372523, 23.774156], [93.41495, 23.682095], [93.391282, 23.33917], [93.349372, 23.084948], [93.308031, 23.030378], [93.253461, 23.015495], [93.203851, 23.036992], [93.164164, 23.032031], [93.150935, 22.997305], [93.16251, 22.907956], [93.078691, 22.718226], [93.105046, 22.5471], [93.161993, 22.360186], [93.151141, 22.230633], [93.121479, 22.205182], [93.070578, 22.20942], [93.042983, 22.183995], [92.964538, 22.003774], [92.909451, 21.988917], [92.854312, 22.01013], [92.771423, 22.104801], [92.720987, 22.132448], [92.688947, 22.130975], [92.630346, 22.011318], [92.574897, 21.97809], [92.491388, 22.685386], [92.393151, 22.897026], [92.361629, 22.929014], [92.341268, 23.069807], [92.33424, 23.323822], [92.24608, 23.683619], [92.270678, 23.829114], [92.318634, 23.850534], [92.325352, 24.188343], [92.29848, 24.23772], [92.416199, 24.239451], [92.489476, 24.132507], [92.624455, 24.238521], [92.630863, 24.295132], [92.701246, 24.361924], [92.746308, 24.471091], [92.82868, 24.377324], [93.018436, 24.399131], [92.995492, 24.095274], [93.105666, 24.044941], [93.248603, 24.056982], [93.312122, 24.032525]]]}}, {"type": "Feature", "properties": {"name": "Tripura", "type": "State", "lon": 91.7031, "lat": 23.8519}, "geometry": {"type": "Polygon", "coordinates": [[[92.24608, 23.683619], [92.187066, 23.675532], [92.152339, 23.72186], [92.044077, 23.67778], [91.929614, 23.685996], [91.937882, 23.50469], [91.919175, 23.471048], [91.790088, 23.361029], [91.754224, 23.287313], [91.773861, 23.106083], [91.75102, 23.053529], [91.6949, 23.004849], [91.619555, 22.979683], [91.553564, 22.991569], [91.511241, 23.033711], [91.436259, 23.199902], [91.399465, 23.213855], [91.37063, 23.19799], [91.368666, 23.074561], [91.338849, 23.07699], [91.315233, 23.104378], [91.25379, 23.373638], [91.165526, 23.581042], [91.160462, 23.660623], [91.231982, 23.920478], [91.33642, 24.018818], [91.367064, 24.093517], [91.526383, 24.090752], [91.571393, 24.106591], [91.6687, 24.190074], [91.726526, 24.205086], [91.772518, 24.210667], [91.846208, 24.175269], [91.876904, 24.195319], [91.951628, 24.356756], [92.085057, 24.38616], [92.139065, 24.545276], [92.221689, 24.500417], [92.257759, 24.396005], [92.220242, 24.264333], [92.29848, 24.23772], [92.325352, 24.188343], [92.318634, 23.850534], [92.270678, 23.829114], [92.24608, 23.683619]]]}}, {"type": "Feature", "properties": {"name": "Maharashtra", "type": "State", "lon": 75.4647, "lat": 19.4723}, "geometry": {"type": "Polygon", "coordinates": [[[74.103545, 15.644573], [73.991683, 15.611105], [73.942035, 15.634443], [73.908388, 15.721237], [73.807623, 15.774857], [73.678865, 15.711175], [73.607715, 15.871094], [73.476074, 16.054248], [73.453711, 16.1521], [73.337598, 16.459863], [73.23916, 17.198535], [73.149023, 17.527441], [73.156055, 17.621924], [73.047168, 17.906738], [72.993945, 18.097705], [72.917188, 18.576123], [72.875488, 18.642822], [72.870898, 18.683057], [72.89873, 18.778955], [72.976855, 18.927197], [73.005566, 19.021094], [72.97207, 19.15332], [72.900684, 19.014502], [72.834668, 18.975586], [72.803027, 19.079297], [72.794531, 19.2521], [72.811621, 19.298926], [72.987207, 19.277441], [72.787891, 19.362988], [72.756445, 19.450537], [72.799414, 19.519824], [72.726562, 19.578271], [72.697461, 19.757129], [72.667773, 19.830957], [72.708984, 20.078027], [72.947207, 20.127402], [72.997229, 20.039811], [73.16094, 20.047485], [73.166315, 20.114871], [73.243313, 20.138642], [73.271838, 20.193419], [73.363822, 20.178304], [73.394104, 20.270391], [73.360721, 20.369377], [73.4587, 20.538023], [73.404233, 20.66985], [73.475753, 20.678712], [73.699822, 20.562414], [73.792323, 20.606184], [73.81103, 20.676904], [73.909008, 20.775709], [73.902911, 20.883868], [73.868287, 20.974767], [73.695171, 21.122639], [73.77744, 21.216638], [73.800074, 21.280949], [73.91862, 21.291569], [73.960168, 21.394379], [74.053496, 21.465718], [74.108686, 21.451559], [74.291517, 21.513855], [74.191575, 21.545507], [73.995928, 21.555325], [73.820848, 21.508326], [73.751602, 21.611033], [73.8286, 21.650927], [73.809376, 21.836471], [73.917587, 21.866883], [74.06104, 21.940315], [74.12884, 21.951761], [74.204908, 21.92507], [74.284386, 21.94494], [74.407686, 22.023049], [74.485614, 21.945973], [74.512486, 21.726917], [74.708133, 21.611162], [74.894065, 21.61204], [75.047957, 21.554059], [75.129916, 21.437684], [75.31192, 21.38146], [75.534749, 21.371797], [75.814008, 21.383372], [75.877777, 21.399779], [76.082933, 21.368076], [76.142877, 21.193125], [76.108564, 21.153128], [76.186802, 21.085819], [76.286641, 21.074812], [76.436606, 21.107808], [76.498308, 21.180361], [76.614063, 21.202479], [76.653957, 21.251313], [76.63339, 21.341049], [76.729508, 21.413009], [76.785525, 21.501685], [76.79369, 21.577004], [76.917404, 21.618086], [77.028818, 21.693586], [77.115531, 21.724049], [77.218987, 21.700846], [77.332985, 21.774459], [77.46073, 21.770041], [77.551783, 21.696764], [77.555194, 21.542484], [77.456802, 21.548504], [77.433134, 21.498817], [77.481814, 21.423886], [77.578035, 21.384457], [77.712601, 21.380272], [77.787531, 21.423008], [77.871454, 21.3981], [78.02917, 21.437684], [78.192675, 21.551114], [78.413333, 21.606304], [78.427906, 21.508481], [78.513689, 21.526593], [78.696003, 21.474762], [78.904156, 21.509282], [78.921932, 21.572275], [79.215765, 21.65457], [79.240053, 21.712758], [79.413065, 21.689813], [79.533058, 21.619275], [79.551558, 21.550029], [79.650467, 21.581551], [79.798365, 21.587804], [79.840326, 21.534345], [80.005277, 21.548323], [80.186661, 21.63948], [80.310168, 21.580233], [80.417552, 21.446831], [80.625601, 21.326476], [80.679034, 21.351152], [80.625601, 21.242657], [80.484524, 21.167701], [80.435328, 20.999235], [80.48132, 20.931978], [80.552117, 20.919318], [80.572994, 20.697574], [80.503025, 20.633289], [80.622397, 20.600913], [80.622397, 20.325891], [80.424373, 20.234088], [80.426337, 20.146238], [80.53062, 20.134869], [80.557181, 20.048337], [80.531137, 19.920697], [80.425096, 19.892817], [80.537751, 19.81091], [80.565553, 19.739777], [80.675727, 19.676551], [80.712934, 19.592603], [80.830963, 19.547102], [80.893905, 19.484444], [80.832203, 19.345409], [80.716655, 19.262701], [80.617436, 19.318563], [80.575992, 19.391969], [80.397088, 19.234175], [80.366599, 19.117386], [80.271824, 18.979436], [80.344171, 18.85071], [80.274821, 18.776942], [80.270377, 18.71369], [80.090543, 18.69749], [80.001866, 18.785624], [79.960319, 18.867117], [79.93355, 19.053127], [79.861823, 19.081084], [79.943782, 19.169218], [79.930553, 19.211928], [79.965486, 19.401917], [79.93107, 19.482532], [79.864924, 19.50899], [79.795781, 19.594101], [79.735423, 19.603352], [79.538949, 19.533821], [79.420403, 19.536379], [79.266002, 19.589555], [79.197731, 19.461883], [79.058876, 19.547063], [79.024346, 19.541525], [78.87253, 19.650119], [78.847518, 19.724533], [78.780029, 19.776674], [78.711713, 19.774349], [78.533739, 19.824656], [78.477722, 19.799128], [78.383257, 19.866152], [78.321762, 19.863258], [78.383567, 19.684535], [78.333441, 19.643272], [78.302642, 19.482765], [78.240114, 19.460182], [78.174381, 19.374657], [78.16787, 19.264096], [78.063897, 19.264096], [77.992377, 19.322749], [77.92003, 19.331663], [77.855021, 19.228362], [77.833627, 19.121443], [77.751978, 19.045892], [77.912072, 18.835362], [77.839311, 18.80955], [77.781123, 18.703768], [77.703402, 18.669119], [77.679941, 18.569978], [77.592298, 18.548145], [77.502588, 18.381591], [77.551163, 18.307875], [77.461453, 18.281933], [77.346628, 18.351516], [77.301876, 18.460269], [77.232733, 18.410659], [77.23108, 18.333791], [77.117908, 18.253847], [77.087729, 18.197055], [76.949546, 18.179976], [76.892909, 18.144293], [76.885054, 17.974459], [76.839062, 17.884232], [76.740877, 17.898417], [76.755656, 17.825837], [76.675971, 17.706852], [76.592669, 17.770595], [76.512984, 17.772817], [76.390614, 17.636779], [76.322194, 17.61771], [76.343795, 17.351861], [76.210367, 17.388913], [76.094715, 17.377751], [75.936482, 17.325868], [75.870026, 17.416147], [75.783933, 17.374805], [75.61309, 17.471595], [75.552836, 17.365917], [75.622082, 17.220939], [75.605132, 17.158126], [75.646783, 17.091412], [75.616708, 16.974675], [75.553766, 17.014905], [75.45341, 16.964055], [75.370831, 16.984467], [75.256006, 16.959172], [75.24257, 16.902095], [75.166503, 16.867937], [75.043409, 16.952816], [74.960004, 16.951136], [74.92228, 16.889331], [74.844559, 16.852021], [74.866676, 16.776211], [74.684878, 16.708438], [74.665758, 16.606222], [74.557444, 16.551652], [74.524578, 16.623843], [74.43001, 16.644333], [74.353219, 16.543512], [74.292448, 16.528371], [74.366241, 16.292882], [74.451921, 16.253944], [74.469594, 16.109792], [74.415954, 16.096356], [74.42877, 15.993753], [74.354459, 15.872572], [74.331102, 15.761932], [74.223511, 15.726095], [74.186097, 15.76573], [74.103545, 15.644573]]]}}]}